<metadata xml:lang="pt"><Esri><CreaDate>20250916</CreaDate><CreaTime>08563700</CreaTime><ArcGISFormat>1.0</ArcGISFormat><SyncOnce>FALSE</SyncOnce><DataProperties><itemProps><itemName Sync="TRUE">Shapefile_425_Biogas_Mapbiomas_SP</itemName><imsContentType Sync="TRUE">002</imsContentType><itemLocation><linkage Sync="TRUE">file://\\NIPE-PQ-13\C$\Users\Lucas\Documents\CP2B\Shapefile_425_Biogas_Mapbiomas_SP.shp</linkage><protocol Sync="TRUE">Local Area Network</protocol></itemLocation><itemSize Sync="TRUE">0.000</itemSize></itemProps><coordRef><type Sync="TRUE">Geographic</type><geogcsn Sync="TRUE">GCS_SIRGAS_2000</geogcsn><csUnits Sync="TRUE">Angular Unit: Degree (0.017453)</csUnits><peXml Sync="TRUE">&lt;GeographicCoordinateSystem xsi:type='typens:GeographicCoordinateSystem' xmlns:xsi='http://www.w3.org/2001/XMLSchema-instance' xmlns:xs='http://www.w3.org/2001/XMLSchema' xmlns:typens='http://www.esri.com/schemas/ArcGIS/3.5.0'&gt;&lt;WKT&gt;GEOGCS[&amp;quot;GCS_SIRGAS_2000&amp;quot;,DATUM[&amp;quot;D_SIRGAS_2000&amp;quot;,SPHEROID[&amp;quot;GRS_1980&amp;quot;,6378137.0,298.257222101]],PRIMEM[&amp;quot;Greenwich&amp;quot;,0.0],UNIT[&amp;quot;Degree&amp;quot;,0.0174532925199433],AUTHORITY[&amp;quot;EPSG&amp;quot;,4674]]&lt;/WKT&gt;&lt;XOrigin&gt;-400&lt;/XOrigin&gt;&lt;YOrigin&gt;-400&lt;/YOrigin&gt;&lt;XYScale&gt;11258999068426.238&lt;/XYScale&gt;&lt;ZOrigin&gt;-100000&lt;/ZOrigin&gt;&lt;ZScale&gt;10000&lt;/ZScale&gt;&lt;MOrigin&gt;-100000&lt;/MOrigin&gt;&lt;MScale&gt;10000&lt;/MScale&gt;&lt;XYTolerance&gt;8.983152841195215e-09&lt;/XYTolerance&gt;&lt;ZTolerance&gt;0.001&lt;/ZTolerance&gt;&lt;MTolerance&gt;0.001&lt;/MTolerance&gt;&lt;HighPrecision&gt;true&lt;/HighPrecision&gt;&lt;LeftLongitude&gt;-180&lt;/LeftLongitude&gt;&lt;WKID&gt;4674&lt;/WKID&gt;&lt;LatestWKID&gt;4674&lt;/LatestWKID&gt;&lt;/GeographicCoordinateSystem&gt;</peXml></coordRef><lineage><Process ToolSource="c:\program files\arcgis\pro\Resources\ArcToolbox\toolboxes\Analysis Tools.tbx\Clip" Date="20250916" Time="085638">Clip usina_biogas Basemap_Limites_SP\Limite_SP C:\Users\Lucas\Documents\ArcGIS\Packages\CP2B_Completo_20250814_b66c9c\commondata\nipe_cp2b_geo.gdb\usinas_biogas_SP #</Process><Process ToolSource="c:\program files\arcgis\pro\Resources\ArcToolbox\toolboxes\Data Management Tools.tbx\AddField" Date="20250916" Time="090819">AddField usinas_biogas_SP TIPO_BIOENERGIA TEXT # # 30 # NULLABLE NON_REQUIRED #</Process><Process ToolSource="c:\program files\arcgis\pro\Resources\ArcToolbox\toolboxes\Data Management Tools.tbx\CalculateField" Date="20250916" Time="090821">CalculateField usinas_biogas_SP TIPO_BIOENERGIA 'BIOGAS' PYTHON3 # TEXT NO_ENFORCE_DOMAINS</Process><Process ToolSource="c:\program files\arcgis\pro\Resources\ArcToolbox\toolboxes\Data Management Tools.tbx\CopyFeatures" Date="20250916" Time="092452">CopyFeatures usinas_biogas_SP C:\Users\Lucas\Documents\ArcGIS\Packages\CP2B_Completo_20250814_b66c9c\commondata\nipe_cp2b_geo.gdb\SP_Bioenergia_TODAS # # # #</Process><Process ToolSource="c:\program files\arcgis\pro\Resources\ArcToolbox\toolboxes\Data Management Tools.tbx\Append" Date="20250916" Time="092456">Append usina_etanol_SP SP_Bioenergia_TODAS NO_TEST "Estado "Estado" true true false 254 Text 0 0,First,#;Municipio "Municipio" true true false 254 Text 0 0,First,#;Categoria "Categoria" true true false 254 Text 0 0,First,#,C:\Users\Lucas\Documents\ArcGIS\Packages\CP2B_Completo_20250814_b66c9c\commondata\nipe_cp2b_geo.gdb\usina_etanol_SP,categoria,-1,-1;Principal_ "Principal_" true true false 254 Text 0 0,First,#;Energia_te "Energia_te" true true false 254 Text 0 0,First,#;Energia_el "Energia_el" true true false 254 Text 0 0,First,#;Energia_me "Energia_me" true true false 254 Text 0 0,First,#;GNR_Biomet "GNR_Biomet" true true false 254 Text 0 0,First,#;Inicio_ope "Inicio_ope" true true false 8 Date 0 0,First,#;Situacao "Situacao" true true false 254 Text 0 0,First,#,C:\Users\Lucas\Documents\ArcGIS\Packages\CP2B_Completo_20250814_b66c9c\commondata\nipe_cp2b_geo.gdb\usina_etanol_SP,Situacao,0,253;Latitude "Latitude" true true false 8 Double 0 0,First,#,C:\Users\Lucas\Documents\ArcGIS\Packages\CP2B_Completo_20250814_b66c9c\commondata\nipe_cp2b_geo.gdb\usina_etanol_SP,Latitude,-1,-1;Longitude "Longitude" true true false 8 Double 0 0,First,#,C:\Users\Lucas\Documents\ArcGIS\Packages\CP2B_Completo_20250814_b66c9c\commondata\nipe_cp2b_geo.gdb\usina_etanol_SP,Longitude,-1,-1;Producao_b "Producao_b" true true false 8 Double 0 0,First,#;Escala_pro "Escala_pro" true true false 254 Text 0 0,First,#;id "id" true true false 4 Long 0 0,First,#,C:\Users\Lucas\Documents\ArcGIS\Packages\CP2B_Completo_20250814_b66c9c\commondata\nipe_cp2b_geo.gdb\usina_etanol_SP,id,-1,-1;categori_1 "categori_1" true true false 4 Long 0 0,First,#;parent_id "parent_id" true true false 4 Long 0 0,First,#,C:\Users\Lucas\Documents\ArcGIS\Packages\CP2B_Completo_20250814_b66c9c\commondata\nipe_cp2b_geo.gdb\usina_etanol_SP,parent_id,-1,-1;name "name" true true false 254 Text 0 0,First,#,C:\Users\Lucas\Documents\ArcGIS\Packages\CP2B_Completo_20250814_b66c9c\commondata\nipe_cp2b_geo.gdb\usina_etanol_SP,name,0,253;Label "Label" true true false 100 Long 0 0,First,#,C:\Users\Lucas\Documents\ArcGIS\Packages\CP2B_Completo_20250814_b66c9c\commondata\nipe_cp2b_geo.gdb\usina_etanol_SP,Label,0,99;TIPO_BIOENERGIA "TIPO_BIOENERGIA" true true false 30 Text 0 0,First,#,C:\Users\Lucas\Documents\ArcGIS\Packages\CP2B_Completo_20250814_b66c9c\commondata\nipe_cp2b_geo.gdb\usina_etanol_SP,TIPO_BIOENERGIA,0,29" # # # NOT_UPDATE_GEOMETRY NO_ENFORCE_DOMAINS USE_FEATURE_SERVICE_MODE</Process><Process ToolSource="c:\program files\arcgis\pro\Resources\ArcToolbox\toolboxes\Data Management Tools.tbx\Append" Date="20250916" Time="092500">Append UTE_Biomassa_SP SP_Bioenergia_TODAS NO_TEST "Estado "Estado" true true false 254 Text 0 0,First,#;Municipio "Municipio" true true false 254 Text 0 0,First,#;Categoria "Categoria" true true false 254 Text 0 0,First,#,C:\Users\Lucas\Documents\ArcGIS\Packages\CP2B_Completo_20250814_b66c9c\commondata\nipe_cp2b_geo.gdb\UTE_Biomassa_SP,categoria,-1,-1;Principal_ "Principal_" true true false 254 Text 0 0,First,#;Energia_te "Energia_te" true true false 254 Text 0 0,First,#;Energia_el "Energia_el" true true false 254 Text 0 0,First,#;Energia_me "Energia_me" true true false 254 Text 0 0,First,#;GNR_Biomet "GNR_Biomet" true true false 254 Text 0 0,First,#;Inicio_ope "Inicio_ope" true true false 254 Date 0 0,First,#,C:\Users\Lucas\Documents\ArcGIS\Packages\CP2B_Completo_20250814_b66c9c\commondata\nipe_cp2b_geo.gdb\UTE_Biomassa_SP,Inicio_ope,0,253;Situacao "Situacao" true true false 254 Text 0 0,First,#;Latitude "Latitude" true true false 8 Double 0 0,First,#;Longitude "Longitude" true true false 8 Double 0 0,First,#,C:\Users\Lucas\Documents\ArcGIS\Packages\CP2B_Completo_20250814_b66c9c\commondata\nipe_cp2b_geo.gdb\UTE_Biomassa_SP,Longitude,-1,-1;Producao_b "Producao_b" true true false 8 Double 0 0,First,#;Escala_pro "Escala_pro" true true false 254 Text 0 0,First,#;id "id" true true false 4 Long 0 0,First,#,C:\Users\Lucas\Documents\ArcGIS\Packages\CP2B_Completo_20250814_b66c9c\commondata\nipe_cp2b_geo.gdb\UTE_Biomassa_SP,ID,-1,-1;categori_1 "categori_1" true true false 4 Long 0 0,First,#;parent_id "parent_id" true true false 4 Long 0 0,First,#,C:\Users\Lucas\Documents\ArcGIS\Packages\CP2B_Completo_20250814_b66c9c\commondata\nipe_cp2b_geo.gdb\UTE_Biomassa_SP,parent_id,-1,-1;name "name" true true false 254 Text 0 0,First,#,C:\Users\Lucas\Documents\ArcGIS\Packages\CP2B_Completo_20250814_b66c9c\commondata\nipe_cp2b_geo.gdb\UTE_Biomassa_SP,name,0,49;Label "Label" true true false 254 Long 0 0,First,#,C:\Users\Lucas\Documents\ArcGIS\Packages\CP2B_Completo_20250814_b66c9c\commondata\nipe_cp2b_geo.gdb\UTE_Biomassa_SP,Label,0,253;TIPO_BIOENERGIA "TIPO_BIOENERGIA" true true false 30 Text 0 0,First,#,C:\Users\Lucas\Documents\ArcGIS\Packages\CP2B_Completo_20250814_b66c9c\commondata\nipe_cp2b_geo.gdb\UTE_Biomassa_SP,TIPO_BIOENERGIA,0,29" # # # NOT_UPDATE_GEOMETRY NO_ENFORCE_DOMAINS USE_FEATURE_SERVICE_MODE</Process><Process ToolSource="c:\program files\arcgis\pro\Resources\ArcToolbox\toolboxes\Data Management Tools.tbx\DeleteIdentical" Date="20250916" Time="092504">DeleteIdentical SP_Bioenergia_TODAS SHAPE # 0 #</Process><Process ToolSource="c:\program files\arcgis\pro\Resources\ArcToolbox\toolboxes\Data Management Tools.tbx\CopyFeatures" Date="20250916" Time="094101">CopyFeatures SP_Bioenergia_TODAS C:\Users\Lucas\Documents\ArcGIS\Packages\CP2B_Completo_20250814_b66c9c\commondata\nipe_cp2b_geo.gdb\SP_Base_425_Usinas # # # #</Process><Process ToolSource="c:\program files\arcgis\pro\Resources\ArcToolbox\toolboxes\Analysis Tools.tbx\Identity" Date="20250916" Time="094108">Identity SP_Base_425_Usinas C:\Users\Lucas\Documents\ArcGIS\Packages\CP2B_Completo_20250814_b66c9c\commondata\nipe_cp2b_geo.gdb\Municipios_SP_Producao_Total_2023 C:\Users\Lucas\Documents\ArcGIS\Packages\CP2B_Completo_20250814_b66c9c\commondata\nipe_cp2b_geo.gdb\SP_425_Identity ALL # NO_RELATIONSHIPS</Process><Process ToolSource="c:\program files\arcgis\pro\Resources\ArcToolbox\toolboxes\Data Management Tools.tbx\CopyFeatures" Date="20250916" Time="094113">CopyFeatures SP_425_Identity C:\Users\Lucas\Documents\ArcGIS\Packages\CP2B_Completo_20250814_b66c9c\commondata\nipe_cp2b_geo.gdb\SP_Bioenergia_425_Corrigido # # # #</Process><Process ToolSource="c:\program files\arcgis\pro\Resources\ArcToolbox\toolboxes\Conversion Tools.tbx\ExportFeatures" Date="20250916" Time="094232">ExportFeatures SP_Bioenergia_425_Corrigido C:\Users\Lucas\Documents\ArcGIS\Packages\CP2B_Completo_20250814_b66c9c\commondata\nipe_cp2b_geo.gdb\SP_Biomassa_Bioetanol_Biogas_MapBiomas # NOT_USE_ALIAS "FID_SP_Base_425_Usinas "FID_SP_Base_425_Usinas" true true false 4 Long 0 0,First,#,SP_Bioenergia_425_Corrigido,FID_SP_Base_425_Usinas,-1,-1;Estado "Estado" true true false 254 Text 0 0,First,#,SP_Bioenergia_425_Corrigido,Estado,0,253;Municipio "Municipio" true true false 254 Text 0 0,First,#,SP_Bioenergia_425_Corrigido,Municipio,0,253;Categoria "Categoria" true true false 254 Text 0 0,First,#,SP_Bioenergia_425_Corrigido,Categoria,0,253;Principal_ "Principal_" true true false 254 Text 0 0,First,#,SP_Bioenergia_425_Corrigido,Principal_,0,253;Energia_te "Energia_te" true true false 254 Text 0 0,First,#,SP_Bioenergia_425_Corrigido,Energia_te,0,253;Energia_el "Energia_el" true true false 254 Text 0 0,First,#,SP_Bioenergia_425_Corrigido,Energia_el,0,253;Energia_me "Energia_me" true true false 254 Text 0 0,First,#,SP_Bioenergia_425_Corrigido,Energia_me,0,253;GNR_Biomet "GNR_Biomet" true true false 254 Text 0 0,First,#,SP_Bioenergia_425_Corrigido,GNR_Biomet,0,253;Inicio_ope "Inicio_ope" true true false 8 Date 0 0,First,#,SP_Bioenergia_425_Corrigido,Inicio_ope,-1,-1;Situacao "Situacao" true true false 254 Text 0 0,First,#,SP_Bioenergia_425_Corrigido,Situacao,0,253;Latitude "Latitude" true true false 8 Double 0 0,First,#,SP_Bioenergia_425_Corrigido,Latitude,-1,-1;Longitude "Longitude" true true false 8 Double 0 0,First,#,SP_Bioenergia_425_Corrigido,Longitude,-1,-1;Producao_b "Producao_b" true true false 8 Double 0 0,First,#,SP_Bioenergia_425_Corrigido,Producao_b,-1,-1;Escala_pro "Escala_pro" true true false 254 Text 0 0,First,#,SP_Bioenergia_425_Corrigido,Escala_pro,0,253;id "id" true true false 4 Long 0 0,First,#,SP_Bioenergia_425_Corrigido,id,-1,-1;categori_1 "categori_1" true true false 4 Long 0 0,First,#,SP_Bioenergia_425_Corrigido,categori_1,-1,-1;parent_id "parent_id" true true false 4 Long 0 0,First,#,SP_Bioenergia_425_Corrigido,parent_id,-1,-1;name "name" true true false 254 Text 0 0,First,#,SP_Bioenergia_425_Corrigido,name,0,253;Label "Label" true true false 4 Long 0 0,First,#,SP_Bioenergia_425_Corrigido,Label,-1,-1;TIPO_BIOENERGIA "TIPO_BIOENERGIA" true true false 30 Text 0 0,First,#,SP_Bioenergia_425_Corrigido,TIPO_BIOENERGIA,0,29;FID_Municipios_SP_Producao_Total_2023 "FID_Municipios_SP_Producao_Total_2023" true true false 4 Long 0 0,First,#,SP_Bioenergia_425_Corrigido,FID_Municipios_SP_Producao_Total_2023,-1,-1;CD_MUN "CD_MUN" true true false 7 Text 0 0,First,#,SP_Bioenergia_425_Corrigido,CD_MUN,0,6;NM_MUN "NM_MUN" true true false 100 Text 0 0,First,#,SP_Bioenergia_425_Corrigido,NM_MUN,0,99;CD_RGI "CD_RGI" true true false 6 Text 0 0,First,#,SP_Bioenergia_425_Corrigido,CD_RGI,0,5;NM_RGI "NM_RGI" true true false 100 Text 0 0,First,#,SP_Bioenergia_425_Corrigido,NM_RGI,0,99;CD_RGINT "CD_RGINT" true true false 4 Text 0 0,First,#,SP_Bioenergia_425_Corrigido,CD_RGINT,0,3;NM_RGINT "NM_RGINT" true true false 100 Text 0 0,First,#,SP_Bioenergia_425_Corrigido,NM_RGINT,0,99;CD_UF "CD_UF" true true false 2 Text 0 0,First,#,SP_Bioenergia_425_Corrigido,CD_UF,0,1;NM_UF "NM_UF" true true false 50 Text 0 0,First,#,SP_Bioenergia_425_Corrigido,NM_UF,0,49;SIGLA_UF "SIGLA_UF" true true false 2 Text 0 0,First,#,SP_Bioenergia_425_Corrigido,SIGLA_UF,0,1;CD_REGIA "CD_REGIA" true true false 1 Text 0 0,First,#,SP_Bioenergia_425_Corrigido,CD_REGIA,0,0;NM_REGIA "NM_REGIA" true true false 20 Text 0 0,First,#,SP_Bioenergia_425_Corrigido,NM_REGIA,0,19;SIGLA_RG "SIGLA_RG" true true false 2 Text 0 0,First,#,SP_Bioenergia_425_Corrigido,SIGLA_RG,0,1;CD_CONCU "CD_CONCU" true true false 7 Text 0 0,First,#,SP_Bioenergia_425_Corrigido,CD_CONCU,0,6;NM_CONCU "NM_CONCU" true true false 100 Text 0 0,First,#,SP_Bioenergia_425_Corrigido,NM_CONCU,0,99;AREA_KM2 "AREA_KM2" true true false 8 Double 0 0,First,#,SP_Bioenergia_425_Corrigido,AREA_KM2,-1,-1;FID_ "FID_" true true false 8 Double 0 0,First,#,SP_Bioenergia_425_Corrigido,FID_,-1,-1;CD_MUN_1 "CD_MUN_1" true true false 8 Double 0 0,First,#,SP_Bioenergia_425_Corrigido,CD_MUN_1,-1,-1;NM_MUN_1 "NM_MUN_1" true true false 254 Text 0 0,First,#,SP_Bioenergia_425_Corrigido,NM_MUN_1,0,253;CULTURA_DO "CULTURA_DO" true true false 254 Text 0 0,First,#,SP_Bioenergia_425_Corrigido,CULTURA_DO,0,253;NM_MUN_12 "NM_MUN" true true false 255 Text 0 0,First,#,SP_Bioenergia_425_Corrigido,NM_MUN_12,0,254;Município "Município" true true false 255 Text 0 0,First,#,SP_Bioenergia_425_Corrigido,Município,0,254;Algodão_herbáceo__em_caroço_ "Algodão herbáceo (em caroço)" true true false 255 Text 0 0,First,#,SP_Bioenergia_425_Corrigido,Algodão_herbáceo__em_caroço_,0,254;Arroz__em_casca_ "Arroz (em casca)" true true false 8 Double 0 0,First,#,SP_Bioenergia_425_Corrigido,Arroz__em_casca_,-1,-1;Café__em_grão__Total "Café (em grão) Total" true true false 8 Double 0 0,First,#,SP_Bioenergia_425_Corrigido,Café__em_grão__Total,-1,-1;Canadeaçúcar "Canadeaçúcar" true true false 8 Double 0 0,First,#,SP_Bioenergia_425_Corrigido,Canadeaçúcar,-1,-1;Laranja "Laranja" true true false 8 Double 0 0,First,#,SP_Bioenergia_425_Corrigido,Laranja,-1,-1;Limão "Limão" true true false 8 Double 0 0,First,#,SP_Bioenergia_425_Corrigido,Limão,-1,-1;Milho__em_grão_ "Milho (em grão)" true true false 8 Double 0 0,First,#,SP_Bioenergia_425_Corrigido,Milho__em_grão_,-1,-1;Soja__em_grão_ "Soja (em grão)" true true false 8 Double 0 0,First,#,SP_Bioenergia_425_Corrigido,Soja__em_grão_,-1,-1;Sorgo__em_grão_ "Sorgo (em grão)" true true false 8 Double 0 0,First,#,SP_Bioenergia_425_Corrigido,Sorgo__em_grão_,-1,-1;Total_2018 "Total_2018" true true false 8 Double 0 0,First,#,SP_Bioenergia_425_Corrigido,Total_2018,-1,-1;Total_2019 "Total_2019" true true false 8 Double 0 0,First,#,SP_Bioenergia_425_Corrigido,Total_2019,-1,-1;Total_2020 "Total_2020" true true false 8 Double 0 0,First,#,SP_Bioenergia_425_Corrigido,Total_2020,-1,-1;Total_2021 "Total_2021" true true false 8 Double 0 0,First,#,SP_Bioenergia_425_Corrigido,Total_2021,-1,-1;Total_2022 "Total_2022" true true false 8 Double 0 0,First,#,SP_Bioenergia_425_Corrigido,Total_2022,-1,-1;Total_2023 "Total_2023" true true false 8 Double 0 0,First,#,SP_Bioenergia_425_Corrigido,Total_2023,-1,-1;OBJECTID_1_1 "ObjectID" true true false 4 Long 0 0,First,#,SP_Bioenergia_425_Corrigido,OBJECTID_1_1,-1,-1;Res_Cana "Resíduos Cana (ton/ano)" true true false 8 Double 0 0,First,#,SP_Bioenergia_425_Corrigido,Res_Cana,-1,-1;Res_Soja "Resíduos Soja (ton/ano)" true true false 8 Double 0 0,First,#,SP_Bioenergia_425_Corrigido,Res_Soja,-1,-1;Res_Milho "Resíduos Milho (ton/ano)" true true false 8 Double 0 0,First,#,SP_Bioenergia_425_Corrigido,Res_Milho,-1,-1;Res_Bovino "Resíduos Bovino (ton/ano)" true true false 8 Double 0 0,First,#,SP_Bioenergia_425_Corrigido,Res_Bovino,-1,-1;Bio_Cana "Biogás Cana (Nm³/ano)" true true false 8 Double 0 0,First,#,SP_Bioenergia_425_Corrigido,Bio_Cana,-1,-1;Bio_Soja "Biogás Soja (Nm³/ano)" true true false 8 Double 0 0,First,#,SP_Bioenergia_425_Corrigido,Bio_Soja,-1,-1;Bio_Milho "Biogás Milho (Nm³/ano)" true true false 8 Double 0 0,First,#,SP_Bioenergia_425_Corrigido,Bio_Milho,-1,-1;Bio_Bovino "Biogás Bovino (Nm³/ano)" true true false 8 Double 0 0,First,#,SP_Bioenergia_425_Corrigido,Bio_Bovino,-1,-1;Bio_Total "Biogás Total (Nm³/ano)" true true false 8 Double 0 0,First,#,SP_Bioenergia_425_Corrigido,Bio_Total,-1,-1;ID_1 "ID" true true false 255 Text 0 0,First,#,SP_Bioenergia_425_Corrigido,ID_1,0,254;CD_MUN_12 "CD_MUN" true true false 255 Text 0 0,First,#,SP_Bioenergia_425_Corrigido,CD_MUN_12,0,254;NM_MUN_12_13 "NM_MUN" true true false 255 Text 0 0,First,#,SP_Bioenergia_425_Corrigido,NM_MUN_12_13,0,254;Total "Total" true true false 255 Text 0 0,First,#,SP_Bioenergia_425_Corrigido,Total,0,254;Carpa__Quilogramas_ "Carpa (Quilogramas)" true true false 255 Text 0 0,First,#,SP_Bioenergia_425_Corrigido,Carpa__Quilogramas_,0,254;Curimatã__curimbatá__Quilogramas_ "Curimatã, curimbatá (Quilogramas)" true true false 255 Text 0 0,First,#,SP_Bioenergia_425_Corrigido,Curimatã__curimbatá__Quilogramas_,0,254;Dourado__Quilogramas_ "Dourado (Quilogramas)" true true false 255 Text 0 0,First,#,SP_Bioenergia_425_Corrigido,Dourado__Quilogramas_,0,254;Jatuarana__piabanha_e_piracanjuba__Quilogramas_ "Jatuarana, piabanha e piracanjuba (Quilogramas)" true true false 255 Text 0 0,First,#,SP_Bioenergia_425_Corrigido,Jatuarana__piabanha_e_piracanjuba__Quilogramas_,0,254;Lambari__Quilogramas_ "Lambari (Quilogramas)" true true false 255 Text 0 0,First,#,SP_Bioenergia_425_Corrigido,Lambari__Quilogramas_,0,254;Matrinxã__Quilogramas_ "Matrinxã (Quilogramas)" true true false 255 Text 0 0,First,#,SP_Bioenergia_425_Corrigido,Matrinxã__Quilogramas_,0,254;Pacu_e_patinga__Quilogramas_ "Pacu e patinga (Quilogramas)" true true false 255 Text 0 0,First,#,SP_Bioenergia_425_Corrigido,Pacu_e_patinga__Quilogramas_,0,254;Piau__piapara__piauçu__piava__Quilogramas_ "Piau, piapara, piauçu, piava (Quilogramas)" true true false 255 Text 0 0,First,#,SP_Bioenergia_425_Corrigido,Piau__piapara__piauçu__piava__Quilogramas_,0,254;Pintado__cachara__cachapira_e_pintachara__surubim__Quilogramas_ "Pintado, cachara, cachapira e pintachara, surubim (Quilogramas)" true true false 255 Text 0 0,First,#,SP_Bioenergia_425_Corrigido,Pintado__cachara__cachapira_e_pintachara__surubim__Quilogramas_,0,254;Pirapitinga__Quilogramas_ "Pirapitinga (Quilogramas)" true true false 255 Text 0 0,First,#,SP_Bioenergia_425_Corrigido,Pirapitinga__Quilogramas_,0,254;Pirarucu__Quilogramas_ "Pirarucu (Quilogramas)" true true false 255 Text 0 0,First,#,SP_Bioenergia_425_Corrigido,Pirarucu__Quilogramas_,0,254;Tambacu__tambatinga__Quilogramas_ "Tambacu, tambatinga (Quilogramas)" true true false 255 Text 0 0,First,#,SP_Bioenergia_425_Corrigido,Tambacu__tambatinga__Quilogramas_,0,254;Tambaqui__Quilogramas_ "Tambaqui (Quilogramas)" true true false 255 Text 0 0,First,#,SP_Bioenergia_425_Corrigido,Tambaqui__Quilogramas_,0,254;Tilápia__Quilogramas_ "Tilápia (Quilogramas)" true true false 255 Text 0 0,First,#,SP_Bioenergia_425_Corrigido,Tilápia__Quilogramas_,0,254;Traíra_e_trairão__Quilogramas_ "Traíra e trairão (Quilogramas)" true true false 255 Text 0 0,First,#,SP_Bioenergia_425_Corrigido,Traíra_e_trairão__Quilogramas_,0,254;Truta__Quilogramas_ "Truta (Quilogramas)" true true false 255 Text 0 0,First,#,SP_Bioenergia_425_Corrigido,Truta__Quilogramas_,0,254;Tucunaré__Quilogramas_ "Tucunaré (Quilogramas)" true true false 255 Text 0 0,First,#,SP_Bioenergia_425_Corrigido,Tucunaré__Quilogramas_,0,254;Outros_peixes__Quilogramas_ "Outros peixes (Quilogramas)" true true false 255 Text 0 0,First,#,SP_Bioenergia_425_Corrigido,Outros_peixes__Quilogramas_,0,254;Alevinos__Milheiros_ "Alevinos (Milheiros)" true true false 255 Text 0 0,First,#,SP_Bioenergia_425_Corrigido,Alevinos__Milheiros_,0,254;Camarão__Quilogramas_ "Camarão (Quilogramas)" true true false 255 Text 0 0,First,#,SP_Bioenergia_425_Corrigido,Camarão__Quilogramas_,0,254;Larvas_e_pós_larvas_de_camarão__Milheiros_ "Larvas e pós-larvas de camarão (Milheiros)" true true false 255 Text 0 0,First,#,SP_Bioenergia_425_Corrigido,Larvas_e_pós_larvas_de_camarão__Milheiros_,0,254;Ostras__vieiras_e_mexilhões__Quilogramas_ "Ostras, vieiras e mexilhões (Quilogramas)" true true false 255 Text 0 0,First,#,SP_Bioenergia_425_Corrigido,Ostras__vieiras_e_mexilhões__Quilogramas_,0,254;Sementes_de_moluscos__Milheiros_ "Sementes de moluscos (Milheiros)" true true false 255 Text 0 0,First,#,SP_Bioenergia_425_Corrigido,Sementes_de_moluscos__Milheiros_,0,254;Outros_produtos__rã__jacaré__siri__caranguejo__lagosta__etc___Ne "Outros produtos (rã, jacaré, siri, caranguejo, lagosta, etc) (Ne" true true false 255 Text 0 0,First,#,SP_Bioenergia_425_Corrigido,Outros_produtos__rã__jacaré__siri__caranguejo__lagosta__etc___Ne,0,254;OBJECTID_1 "ObjectID" true true false 4 Long 0 0,First,#,SP_Bioenergia_425_Corrigido,OBJECTID_1,-1,-1;ID_12 "ID" true true false 255 Text 0 0,First,#,SP_Bioenergia_425_Corrigido,ID_12,0,254;CD_MUN_12_13 "CD_MUN" true true false 255 Text 0 0,First,#,SP_Bioenergia_425_Corrigido,CD_MUN_12_13,0,254;NM_MUN_12_13_14 "NM_MUN" true true false 255 Text 0 0,First,#,SP_Bioenergia_425_Corrigido,NM_MUN_12_13_14,0,254;Bovino "Bovino" true true false 8 Double 0 0,First,#,SP_Bioenergia_425_Corrigido,Bovino,-1,-1;Bubalino "Bubalino" true true false 255 Text 0 0,First,#,SP_Bioenergia_425_Corrigido,Bubalino,0,254;Equino "Equino" true true false 8 Double 0 0,First,#,SP_Bioenergia_425_Corrigido,Equino,-1,-1;Suíno___total "Suíno - total" true true false 8 Double 0 0,First,#,SP_Bioenergia_425_Corrigido,Suíno___total,-1,-1;Suíno___matrizes_de_suínos "Suíno - matrizes de suínos" true true false 8 Double 0 0,First,#,SP_Bioenergia_425_Corrigido,Suíno___matrizes_de_suínos,-1,-1;Caprino "Caprino" true true false 255 Text 0 0,First,#,SP_Bioenergia_425_Corrigido,Caprino,0,254;Ovino "Ovino" true true false 8 Double 0 0,First,#,SP_Bioenergia_425_Corrigido,Ovino,-1,-1;Galináceos___total "Galináceos - total" true true false 8 Double 0 0,First,#,SP_Bioenergia_425_Corrigido,Galináceos___total,-1,-1;Galináceos___galinhas "Galináceos - galinhas" true true false 8 Double 0 0,First,#,SP_Bioenergia_425_Corrigido,Galináceos___galinhas,-1,-1;Codornas "Codornas" true true false 255 Text 0 0,First,#,SP_Bioenergia_425_Corrigido,Codornas,0,254;OBJECTID_1_12 "ObjectID" true true false 4 Long 0 0,First,#,SP_Bioenergia_425_Corrigido,OBJECTID_1_12,-1,-1;Bubalino_NUM "Bubalino_NUM" true true false 8 Double 0 0,First,#,SP_Bioenergia_425_Corrigido,Bubalino_NUM,-1,-1;Caprino_NUM "Caprino_NUM" true true false 8 Double 0 0,First,#,SP_Bioenergia_425_Corrigido,Caprino_NUM,-1,-1;Codornas_NUM "Codornas_NUM" true true false 8 Double 0 0,First,#,SP_Bioenergia_425_Corrigido,Codornas_NUM,-1,-1;Tambaqui__Quilogramas__NUM "Tambaqui__Quilogramas__NUM" true true false 8 Double 0 0,First,#,SP_Bioenergia_425_Corrigido,Tambaqui__Quilogramas__NUM,-1,-1;Outros_peixes__Quilogramas__NUM "Outros_peixes__Quilogramas__NUM" true true false 8 Double 0 0,First,#,SP_Bioenergia_425_Corrigido,Outros_peixes__Quilogramas__NUM,-1,-1;Bubalino_N "Bubalino_N" true true false 8 Double 0 0,First,#,SP_Bioenergia_425_Corrigido,Bubalino_N,-1,-1;Caprino_N "Caprino_N" true true false 8 Double 0 0,First,#,SP_Bioenergia_425_Corrigido,Caprino_N,-1,-1;Codornas_N "Codornas_N" true true false 8 Double 0 0,First,#,SP_Bioenergia_425_Corrigido,Codornas_N,-1,-1;Tambaqui_N "Tambaqui_N" true true false 8 Double 0 0,First,#,SP_Bioenergia_425_Corrigido,Tambaqui_N,-1,-1;Peixes_N "Peixes_N" true true false 8 Double 0 0,First,#,SP_Bioenergia_425_Corrigido,Peixes_N,-1,-1;Area_Soja "Area_Soja" true true false 8 Double 0 0,First,#,SP_Bioenergia_425_Corrigido,Area_Soja,-1,-1;Area_Milho "Area_Milho" true true false 8 Double 0 0,First,#,SP_Bioenergia_425_Corrigido,Area_Milho,-1,-1;Bio_Cafe "Biogás Café (Nm³/ano)" true true false 8 Double 0 0,First,#,SP_Bioenergia_425_Corrigido,Bio_Cafe,-1,-1;Bio_Citros "Biogás Citros (Nm³/ano)" true true false 8 Double 0 0,First,#,SP_Bioenergia_425_Corrigido,Bio_Citros,-1,-1;Bio_Suinos "Biogás Suínos (Nm³/ano)" true true false 8 Double 0 0,First,#,SP_Bioenergia_425_Corrigido,Bio_Suinos,-1,-1;Bio_Aves "Biogás Aves (Nm³/ano)" true true false 8 Double 0 0,First,#,SP_Bioenergia_425_Corrigido,Bio_Aves,-1,-1;Bio_Peixes "Biogás Piscicultura (Nm³/ano)" true true false 8 Double 0 0,First,#,SP_Bioenergia_425_Corrigido,Bio_Peixes,-1,-1;Bio_Agric "Total Agrícola (Nm³/ano)" true true false 8 Double 0 0,First,#,SP_Bioenergia_425_Corrigido,Bio_Agric,-1,-1;Bio_Pecuar "Total Pecuária (Nm³/ano)" true true false 8 Double 0 0,First,#,SP_Bioenergia_425_Corrigido,Bio_Pecuar,-1,-1;Bio_Final "TOTAL FINAL (Nm³/ano)" true true false 8 Double 0 0,First,#,SP_Bioenergia_425_Corrigido,Bio_Final,-1,-1;Dourado_N "Dourado_N" true true false 8 Double 0 0,First,#,SP_Bioenergia_425_Corrigido,Dourado_N,-1,-1;Pacu_N "Pacu_N" true true false 8 Double 0 0,First,#,SP_Bioenergia_425_Corrigido,Pacu_N,-1,-1;Pintado_N "Pintado_N" true true false 8 Double 0 0,First,#,SP_Bioenergia_425_Corrigido,Pintado_N,-1,-1;Total_Peix "Total_Peix" true true false 8 Double 0 0,First,#,SP_Bioenergia_425_Corrigido,Total_Peix,-1,-1;Eucalipto_Ton "Produção Eucalipto (ton)" true true false 8 Double 0 0,First,#,SP_Bioenergia_425_Corrigido,Eucalipto_Ton,-1,-1;Pinus_Ton "Produção Pinus (ton)" true true false 8 Double 0 0,First,#,SP_Bioenergia_425_Corrigido,Pinus_Ton,-1,-1;Res_Silvic "Resíduos Silvicultura (ton)" true true false 8 Double 0 0,First,#,SP_Bioenergia_425_Corrigido,Res_Silvic,-1,-1;Bio_Silvic "Biogás Silvicultura (Nm³)" true true false 8 Double 0 0,First,#,SP_Bioenergia_425_Corrigido,Bio_Silvic,-1,-1;Eucalipto_m3 "Eucalipto Total (m³)" true true false 8 Double 0 0,First,#,SP_Bioenergia_425_Corrigido,Eucalipto_m3,-1,-1;Pinus_m3 "Pinus Total (m³)" true true false 8 Double 0 0,First,#,SP_Bioenergia_425_Corrigido,Pinus_m3,-1,-1;RSU_TON "RSU Orgânicos (ton/ano)" true true false 8 Double 0 0,First,#,SP_Bioenergia_425_Corrigido,RSU_TON,-1,-1;RPO_TON "RPO Podas (ton/ano)" true true false 8 Double 0 0,First,#,SP_Bioenergia_425_Corrigido,RPO_TON,-1,-1;RSU_CH4 "RSU Potencial CH4 (m³/ano)" true true false 8 Double 0 0,First,#,SP_Bioenergia_425_Corrigido,RSU_CH4,-1,-1;RPO_CH4 "RPO Potencial CH4 (m³/ano)" true true false 8 Double 0 0,First,#,SP_Bioenergia_425_Corrigido,RPO_CH4,-1,-1;TOTAL_CH4 "Total CH4 RSU+RPO (m³/ano)" true true false 8 Double 0 0,First,#,SP_Bioenergia_425_Corrigido,TOTAL_CH4,-1,-1;RSS_TON "RSS Outros (ton/ano)" true true false 8 Double 0 0,First,#,SP_Bioenergia_425_Corrigido,RSS_TON,-1,-1;RCC_TON "RCC Civil (ton/ano)" true true false 8 Double 0 0,First,#,SP_Bioenergia_425_Corrigido,RCC_TON,-1,-1;TOT_AGRO "Total Agropecuário (m³/ano)" true true false 8 Double 0 0,First,#,SP_Bioenergia_425_Corrigido,TOT_AGRO,-1,-1;TOT_URB "Total Urbano CH4 (m³/ano)" true true false 8 Double 0 0,First,#,SP_Bioenergia_425_Corrigido,TOT_URB,-1,-1;TOT_COMB "Total Combinado (m³/ano)" true true false 8 Double 0 0,First,#,SP_Bioenergia_425_Corrigido,TOT_COMB,-1,-1;RANK_AGRO "Ranking Agropecuário" true true false 2 Short 0 0,First,#,SP_Bioenergia_425_Corrigido,RANK_AGRO,-1,-1;RANK_URB "Ranking Urbano" true true false 2 Short 0 0,First,#,SP_Bioenergia_425_Corrigido,RANK_URB,-1,-1;RANK_COMB "Ranking Combinado" true true false 2 Short 0 0,First,#,SP_Bioenergia_425_Corrigido,RANK_COMB,-1,-1;CATEG_POT "Categoria Potencial" true true false 20 Text 0 0,First,#,SP_Bioenergia_425_Corrigido,CATEG_POT,0,19;DOMINANTE "Fonte Dominante" true true false 15 Text 0 0,First,#,SP_Bioenergia_425_Corrigido,DOMINANTE,0,14" #</Process><Process ToolSource="c:\program files\arcgis\pro\Resources\ArcToolbox\toolboxes\Conversion Tools.tbx\ExportFeatures" Date="20250916" Time="094328">ExportFeatures SP_Biomassa_Bioetanol_Biogas_MapBiomas C:\Users\Lucas\Documents\CP2B\Shapefile_425_Biogas_Mapbiomas_SP.shp # NOT_USE_ALIAS "FID_SP_Base_425_Usinas "FID_SP_Base_425_Usinas" true true false 4 Long 0 0,First,#,SP_Biomassa_Bioetanol_Biogas_MapBiomas,FID_SP_Base_425_Usinas,-1,-1;Estado "Estado" true true false 254 Text 0 0,First,#,SP_Biomassa_Bioetanol_Biogas_MapBiomas,Estado,0,253;Municipio "Municipio" true true false 254 Text 0 0,First,#,SP_Biomassa_Bioetanol_Biogas_MapBiomas,Municipio,0,253;Categoria "Categoria" true true false 254 Text 0 0,First,#,SP_Biomassa_Bioetanol_Biogas_MapBiomas,Categoria,0,253;Principal_ "Principal_" true true false 254 Text 0 0,First,#,SP_Biomassa_Bioetanol_Biogas_MapBiomas,Principal_,0,253;Energia_te "Energia_te" true true false 254 Text 0 0,First,#,SP_Biomassa_Bioetanol_Biogas_MapBiomas,Energia_te,0,253;Energia_el "Energia_el" true true false 254 Text 0 0,First,#,SP_Biomassa_Bioetanol_Biogas_MapBiomas,Energia_el,0,253;Energia_me "Energia_me" true true false 254 Text 0 0,First,#,SP_Biomassa_Bioetanol_Biogas_MapBiomas,Energia_me,0,253;GNR_Biomet "GNR_Biomet" true true false 254 Text 0 0,First,#,SP_Biomassa_Bioetanol_Biogas_MapBiomas,GNR_Biomet,0,253;Inicio_ope "Inicio_ope" true true false 8 Date 0 0,First,#,SP_Biomassa_Bioetanol_Biogas_MapBiomas,Inicio_ope,-1,-1;Situacao "Situacao" true true false 254 Text 0 0,First,#,SP_Biomassa_Bioetanol_Biogas_MapBiomas,Situacao,0,253;Latitude "Latitude" true true false 8 Double 0 0,First,#,SP_Biomassa_Bioetanol_Biogas_MapBiomas,Latitude,-1,-1;Longitude "Longitude" true true false 8 Double 0 0,First,#,SP_Biomassa_Bioetanol_Biogas_MapBiomas,Longitude,-1,-1;Producao_b "Producao_b" true true false 8 Double 0 0,First,#,SP_Biomassa_Bioetanol_Biogas_MapBiomas,Producao_b,-1,-1;Escala_pro "Escala_pro" true true false 254 Text 0 0,First,#,SP_Biomassa_Bioetanol_Biogas_MapBiomas,Escala_pro,0,253;id "id" true true false 4 Long 0 0,First,#,SP_Biomassa_Bioetanol_Biogas_MapBiomas,id,-1,-1;categori_1 "categori_1" true true false 4 Long 0 0,First,#,SP_Biomassa_Bioetanol_Biogas_MapBiomas,categori_1,-1,-1;parent_id "parent_id" true true false 4 Long 0 0,First,#,SP_Biomassa_Bioetanol_Biogas_MapBiomas,parent_id,-1,-1;name "name" true true false 254 Text 0 0,First,#,SP_Biomassa_Bioetanol_Biogas_MapBiomas,name,0,253;Label "Label" true true false 4 Long 0 0,First,#,SP_Biomassa_Bioetanol_Biogas_MapBiomas,Label,-1,-1;TIPO_BIOENERGIA "TIPO_BIOENERGIA" true true false 30 Text 0 0,First,#,SP_Biomassa_Bioetanol_Biogas_MapBiomas,TIPO_BIOENERGIA,0,29;FID_Municipios_SP_Producao_Total_2023 "FID_Municipios_SP_Producao_Total_2023" true true false 4 Long 0 0,First,#,SP_Biomassa_Bioetanol_Biogas_MapBiomas,FID_Municipios_SP_Producao_Total_2023,-1,-1;CD_MUN "CD_MUN" true true false 7 Text 0 0,First,#,SP_Biomassa_Bioetanol_Biogas_MapBiomas,CD_MUN,0,6;NM_MUN "NM_MUN" true true false 100 Text 0 0,First,#,SP_Biomassa_Bioetanol_Biogas_MapBiomas,NM_MUN,0,99;CD_RGI "CD_RGI" true true false 6 Text 0 0,First,#,SP_Biomassa_Bioetanol_Biogas_MapBiomas,CD_RGI,0,5;NM_RGI "NM_RGI" true true false 100 Text 0 0,First,#,SP_Biomassa_Bioetanol_Biogas_MapBiomas,NM_RGI,0,99;CD_RGINT "CD_RGINT" true true false 4 Text 0 0,First,#,SP_Biomassa_Bioetanol_Biogas_MapBiomas,CD_RGINT,0,3;NM_RGINT "NM_RGINT" true true false 100 Text 0 0,First,#,SP_Biomassa_Bioetanol_Biogas_MapBiomas,NM_RGINT,0,99;CD_UF "CD_UF" true true false 2 Text 0 0,First,#,SP_Biomassa_Bioetanol_Biogas_MapBiomas,CD_UF,0,1;NM_UF "NM_UF" true true false 50 Text 0 0,First,#,SP_Biomassa_Bioetanol_Biogas_MapBiomas,NM_UF,0,49;SIGLA_UF "SIGLA_UF" true true false 2 Text 0 0,First,#,SP_Biomassa_Bioetanol_Biogas_MapBiomas,SIGLA_UF,0,1;CD_REGIA "CD_REGIA" true true false 1 Text 0 0,First,#,SP_Biomassa_Bioetanol_Biogas_MapBiomas,CD_REGIA,0,0;NM_REGIA "NM_REGIA" true true false 20 Text 0 0,First,#,SP_Biomassa_Bioetanol_Biogas_MapBiomas,NM_REGIA,0,19;SIGLA_RG "SIGLA_RG" true true false 2 Text 0 0,First,#,SP_Biomassa_Bioetanol_Biogas_MapBiomas,SIGLA_RG,0,1;CD_CONCU "CD_CONCU" true true false 7 Text 0 0,First,#,SP_Biomassa_Bioetanol_Biogas_MapBiomas,CD_CONCU,0,6;NM_CONCU "NM_CONCU" true true false 100 Text 0 0,First,#,SP_Biomassa_Bioetanol_Biogas_MapBiomas,NM_CONCU,0,99;AREA_KM2 "AREA_KM2" true true false 8 Double 0 0,First,#,SP_Biomassa_Bioetanol_Biogas_MapBiomas,AREA_KM2,-1,-1;FID_ "FID_" true true false 8 Double 0 0,First,#,SP_Biomassa_Bioetanol_Biogas_MapBiomas,FID_,-1,-1;CD_MUN_1 "CD_MUN_1" true true false 8 Double 0 0,First,#,SP_Biomassa_Bioetanol_Biogas_MapBiomas,CD_MUN_1,-1,-1;NM_MUN_1 "NM_MUN_1" true true false 254 Text 0 0,First,#,SP_Biomassa_Bioetanol_Biogas_MapBiomas,NM_MUN_1,0,253;CULTURA_DO "CULTURA_DO" true true false 254 Text 0 0,First,#,SP_Biomassa_Bioetanol_Biogas_MapBiomas,CULTURA_DO,0,253;NM_MUN_12 "NM_MUN" true true false 255 Text 0 0,First,#,SP_Biomassa_Bioetanol_Biogas_MapBiomas,NM_MUN_12,0,254;Município "Município" true true false 255 Text 0 0,First,#,SP_Biomassa_Bioetanol_Biogas_MapBiomas,Município,0,254;Algodão_herbáceo__em_caroço_ "Algodão herbáceo (em caroço)" true true false 255 Text 0 0,First,#,SP_Biomassa_Bioetanol_Biogas_MapBiomas,Algodão_herbáceo__em_caroço_,0,254;Arroz__em_casca_ "Arroz (em casca)" true true false 8 Double 0 0,First,#,SP_Biomassa_Bioetanol_Biogas_MapBiomas,Arroz__em_casca_,-1,-1;Café__em_grão__Total "Café (em grão) Total" true true false 8 Double 0 0,First,#,SP_Biomassa_Bioetanol_Biogas_MapBiomas,Café__em_grão__Total,-1,-1;Canadeaçúcar "Canadeaçúcar" true true false 8 Double 0 0,First,#,SP_Biomassa_Bioetanol_Biogas_MapBiomas,Canadeaçúcar,-1,-1;Laranja "Laranja" true true false 8 Double 0 0,First,#,SP_Biomassa_Bioetanol_Biogas_MapBiomas,Laranja,-1,-1;Limão "Limão" true true false 8 Double 0 0,First,#,SP_Biomassa_Bioetanol_Biogas_MapBiomas,Limão,-1,-1;Milho__em_grão_ "Milho (em grão)" true true false 8 Double 0 0,First,#,SP_Biomassa_Bioetanol_Biogas_MapBiomas,Milho__em_grão_,-1,-1;Soja__em_grão_ "Soja (em grão)" true true false 8 Double 0 0,First,#,SP_Biomassa_Bioetanol_Biogas_MapBiomas,Soja__em_grão_,-1,-1;Sorgo__em_grão_ "Sorgo (em grão)" true true false 8 Double 0 0,First,#,SP_Biomassa_Bioetanol_Biogas_MapBiomas,Sorgo__em_grão_,-1,-1;Total_2018 "Total_2018" true true false 8 Double 0 0,First,#,SP_Biomassa_Bioetanol_Biogas_MapBiomas,Total_2018,-1,-1;Total_2019 "Total_2019" true true false 8 Double 0 0,First,#,SP_Biomassa_Bioetanol_Biogas_MapBiomas,Total_2019,-1,-1;Total_2020 "Total_2020" true true false 8 Double 0 0,First,#,SP_Biomassa_Bioetanol_Biogas_MapBiomas,Total_2020,-1,-1;Total_2021 "Total_2021" true true false 8 Double 0 0,First,#,SP_Biomassa_Bioetanol_Biogas_MapBiomas,Total_2021,-1,-1;Total_2022 "Total_2022" true true false 8 Double 0 0,First,#,SP_Biomassa_Bioetanol_Biogas_MapBiomas,Total_2022,-1,-1;Total_2023 "Total_2023" true true false 8 Double 0 0,First,#,SP_Biomassa_Bioetanol_Biogas_MapBiomas,Total_2023,-1,-1;OBJECTID_1_1 "ObjectID" true true false 4 Long 0 0,First,#,SP_Biomassa_Bioetanol_Biogas_MapBiomas,OBJECTID_1_1,-1,-1;Res_Cana "Resíduos Cana (ton/ano)" true true false 8 Double 0 0,First,#,SP_Biomassa_Bioetanol_Biogas_MapBiomas,Res_Cana,-1,-1;Res_Soja "Resíduos Soja (ton/ano)" true true false 8 Double 0 0,First,#,SP_Biomassa_Bioetanol_Biogas_MapBiomas,Res_Soja,-1,-1;Res_Milho "Resíduos Milho (ton/ano)" true true false 8 Double 0 0,First,#,SP_Biomassa_Bioetanol_Biogas_MapBiomas,Res_Milho,-1,-1;Res_Bovino "Resíduos Bovino (ton/ano)" true true false 8 Double 0 0,First,#,SP_Biomassa_Bioetanol_Biogas_MapBiomas,Res_Bovino,-1,-1;Bio_Cana "Biogás Cana (Nm³/ano)" true true false 8 Double 0 0,First,#,SP_Biomassa_Bioetanol_Biogas_MapBiomas,Bio_Cana,-1,-1;Bio_Soja "Biogás Soja (Nm³/ano)" true true false 8 Double 0 0,First,#,SP_Biomassa_Bioetanol_Biogas_MapBiomas,Bio_Soja,-1,-1;Bio_Milho "Biogás Milho (Nm³/ano)" true true false 8 Double 0 0,First,#,SP_Biomassa_Bioetanol_Biogas_MapBiomas,Bio_Milho,-1,-1;Bio_Bovino "Biogás Bovino (Nm³/ano)" true true false 8 Double 0 0,First,#,SP_Biomassa_Bioetanol_Biogas_MapBiomas,Bio_Bovino,-1,-1;Bio_Total "Biogás Total (Nm³/ano)" true true false 8 Double 0 0,First,#,SP_Biomassa_Bioetanol_Biogas_MapBiomas,Bio_Total,-1,-1;ID_1 "ID" true true false 255 Text 0 0,First,#,SP_Biomassa_Bioetanol_Biogas_MapBiomas,ID_1,0,254;CD_MUN_12 "CD_MUN" true true false 255 Text 0 0,First,#,SP_Biomassa_Bioetanol_Biogas_MapBiomas,CD_MUN_12,0,254;NM_MUN_12_13 "NM_MUN" true true false 255 Text 0 0,First,#,SP_Biomassa_Bioetanol_Biogas_MapBiomas,NM_MUN_12_13,0,254;Total "Total" true true false 255 Text 0 0,First,#,SP_Biomassa_Bioetanol_Biogas_MapBiomas,Total,0,254;Carpa__Quilogramas_ "Carpa (Quilogramas)" true true false 255 Text 0 0,First,#,SP_Biomassa_Bioetanol_Biogas_MapBiomas,Carpa__Quilogramas_,0,254;Curimatã__curimbatá__Quilogramas_ "Curimatã, curimbatá (Quilogramas)" true true false 255 Text 0 0,First,#,SP_Biomassa_Bioetanol_Biogas_MapBiomas,Curimatã__curimbatá__Quilogramas_,0,254;Dourado__Quilogramas_ "Dourado (Quilogramas)" true true false 255 Text 0 0,First,#,SP_Biomassa_Bioetanol_Biogas_MapBiomas,Dourado__Quilogramas_,0,254;Jatuarana__piabanha_e_piracanjuba__Quilogramas_ "Jatuarana, piabanha e piracanjuba (Quilogramas)" true true false 255 Text 0 0,First,#,SP_Biomassa_Bioetanol_Biogas_MapBiomas,Jatuarana__piabanha_e_piracanjuba__Quilogramas_,0,254;Lambari__Quilogramas_ "Lambari (Quilogramas)" true true false 255 Text 0 0,First,#,SP_Biomassa_Bioetanol_Biogas_MapBiomas,Lambari__Quilogramas_,0,254;Matrinxã__Quilogramas_ "Matrinxã (Quilogramas)" true true false 255 Text 0 0,First,#,SP_Biomassa_Bioetanol_Biogas_MapBiomas,Matrinxã__Quilogramas_,0,254;Pacu_e_patinga__Quilogramas_ "Pacu e patinga (Quilogramas)" true true false 255 Text 0 0,First,#,SP_Biomassa_Bioetanol_Biogas_MapBiomas,Pacu_e_patinga__Quilogramas_,0,254;Piau__piapara__piauçu__piava__Quilogramas_ "Piau, piapara, piauçu, piava (Quilogramas)" true true false 255 Text 0 0,First,#,SP_Biomassa_Bioetanol_Biogas_MapBiomas,Piau__piapara__piauçu__piava__Quilogramas_,0,254;Pintado__cachara__cachapira_e_pintachara__surubim__Quilogramas_ "Pintado, cachara, cachapira e pintachara, surubim (Quilogramas)" true true false 255 Text 0 0,First,#,SP_Biomassa_Bioetanol_Biogas_MapBiomas,Pintado__cachara__cachapira_e_pintachara__surubim__Quilogramas_,0,254;Pirapitinga__Quilogramas_ "Pirapitinga (Quilogramas)" true true false 255 Text 0 0,First,#,SP_Biomassa_Bioetanol_Biogas_MapBiomas,Pirapitinga__Quilogramas_,0,254;Pirarucu__Quilogramas_ "Pirarucu (Quilogramas)" true true false 255 Text 0 0,First,#,SP_Biomassa_Bioetanol_Biogas_MapBiomas,Pirarucu__Quilogramas_,0,254;Tambacu__tambatinga__Quilogramas_ "Tambacu, tambatinga (Quilogramas)" true true false 255 Text 0 0,First,#,SP_Biomassa_Bioetanol_Biogas_MapBiomas,Tambacu__tambatinga__Quilogramas_,0,254;Tambaqui__Quilogramas_ "Tambaqui (Quilogramas)" true true false 255 Text 0 0,First,#,SP_Biomassa_Bioetanol_Biogas_MapBiomas,Tambaqui__Quilogramas_,0,254;Tilápia__Quilogramas_ "Tilápia (Quilogramas)" true true false 255 Text 0 0,First,#,SP_Biomassa_Bioetanol_Biogas_MapBiomas,Tilápia__Quilogramas_,0,254;Traíra_e_trairão__Quilogramas_ "Traíra e trairão (Quilogramas)" true true false 255 Text 0 0,First,#,SP_Biomassa_Bioetanol_Biogas_MapBiomas,Traíra_e_trairão__Quilogramas_,0,254;Truta__Quilogramas_ "Truta (Quilogramas)" true true false 255 Text 0 0,First,#,SP_Biomassa_Bioetanol_Biogas_MapBiomas,Truta__Quilogramas_,0,254;Tucunaré__Quilogramas_ "Tucunaré (Quilogramas)" true true false 255 Text 0 0,First,#,SP_Biomassa_Bioetanol_Biogas_MapBiomas,Tucunaré__Quilogramas_,0,254;Outros_peixes__Quilogramas_ "Outros peixes (Quilogramas)" true true false 255 Text 0 0,First,#,SP_Biomassa_Bioetanol_Biogas_MapBiomas,Outros_peixes__Quilogramas_,0,254;Alevinos__Milheiros_ "Alevinos (Milheiros)" true true false 255 Text 0 0,First,#,SP_Biomassa_Bioetanol_Biogas_MapBiomas,Alevinos__Milheiros_,0,254;Camarão__Quilogramas_ "Camarão (Quilogramas)" true true false 255 Text 0 0,First,#,SP_Biomassa_Bioetanol_Biogas_MapBiomas,Camarão__Quilogramas_,0,254;Larvas_e_pós_larvas_de_camarão__Milheiros_ "Larvas e pós-larvas de camarão (Milheiros)" true true false 255 Text 0 0,First,#,SP_Biomassa_Bioetanol_Biogas_MapBiomas,Larvas_e_pós_larvas_de_camarão__Milheiros_,0,254;Ostras__vieiras_e_mexilhões__Quilogramas_ "Ostras, vieiras e mexilhões (Quilogramas)" true true false 255 Text 0 0,First,#,SP_Biomassa_Bioetanol_Biogas_MapBiomas,Ostras__vieiras_e_mexilhões__Quilogramas_,0,254;Sementes_de_moluscos__Milheiros_ "Sementes de moluscos (Milheiros)" true true false 255 Text 0 0,First,#,SP_Biomassa_Bioetanol_Biogas_MapBiomas,Sementes_de_moluscos__Milheiros_,0,254;Outros_produtos__rã__jacaré__siri__caranguejo__lagosta__etc___Ne "Outros produtos (rã, jacaré, siri, caranguejo, lagosta, etc) (Ne" true true false 255 Text 0 0,First,#,SP_Biomassa_Bioetanol_Biogas_MapBiomas,Outros_produtos__rã__jacaré__siri__caranguejo__lagosta__etc___Ne,0,254;OBJECTID_1 "ObjectID" true true false 4 Long 0 0,First,#,SP_Biomassa_Bioetanol_Biogas_MapBiomas,OBJECTID_1,-1,-1;ID_12 "ID" true true false 255 Text 0 0,First,#,SP_Biomassa_Bioetanol_Biogas_MapBiomas,ID_12,0,254;CD_MUN_12_13 "CD_MUN" true true false 255 Text 0 0,First,#,SP_Biomassa_Bioetanol_Biogas_MapBiomas,CD_MUN_12_13,0,254;NM_MUN_12_13_14 "NM_MUN" true true false 255 Text 0 0,First,#,SP_Biomassa_Bioetanol_Biogas_MapBiomas,NM_MUN_12_13_14,0,254;Bovino "Bovino" true true false 8 Double 0 0,First,#,SP_Biomassa_Bioetanol_Biogas_MapBiomas,Bovino,-1,-1;Bubalino "Bubalino" true true false 255 Text 0 0,First,#,SP_Biomassa_Bioetanol_Biogas_MapBiomas,Bubalino,0,254;Equino "Equino" true true false 8 Double 0 0,First,#,SP_Biomassa_Bioetanol_Biogas_MapBiomas,Equino,-1,-1;Suíno___total "Suíno - total" true true false 8 Double 0 0,First,#,SP_Biomassa_Bioetanol_Biogas_MapBiomas,Suíno___total,-1,-1;Suíno___matrizes_de_suínos "Suíno - matrizes de suínos" true true false 8 Double 0 0,First,#,SP_Biomassa_Bioetanol_Biogas_MapBiomas,Suíno___matrizes_de_suínos,-1,-1;Caprino "Caprino" true true false 255 Text 0 0,First,#,SP_Biomassa_Bioetanol_Biogas_MapBiomas,Caprino,0,254;Ovino "Ovino" true true false 8 Double 0 0,First,#,SP_Biomassa_Bioetanol_Biogas_MapBiomas,Ovino,-1,-1;Galináceos___total "Galináceos - total" true true false 8 Double 0 0,First,#,SP_Biomassa_Bioetanol_Biogas_MapBiomas,Galináceos___total,-1,-1;Galináceos___galinhas "Galináceos - galinhas" true true false 8 Double 0 0,First,#,SP_Biomassa_Bioetanol_Biogas_MapBiomas,Galináceos___galinhas,-1,-1;Codornas "Codornas" true true false 255 Text 0 0,First,#,SP_Biomassa_Bioetanol_Biogas_MapBiomas,Codornas,0,254;OBJECTID_1_12 "ObjectID" true true false 4 Long 0 0,First,#,SP_Biomassa_Bioetanol_Biogas_MapBiomas,OBJECTID_1_12,-1,-1;Bubalino_NUM "Bubalino_NUM" true true false 8 Double 0 0,First,#,SP_Biomassa_Bioetanol_Biogas_MapBiomas,Bubalino_NUM,-1,-1;Caprino_NUM "Caprino_NUM" true true false 8 Double 0 0,First,#,SP_Biomassa_Bioetanol_Biogas_MapBiomas,Caprino_NUM,-1,-1;Codornas_NUM "Codornas_NUM" true true false 8 Double 0 0,First,#,SP_Biomassa_Bioetanol_Biogas_MapBiomas,Codornas_NUM,-1,-1;Tambaqui__Quilogramas__NUM "Tambaqui__Quilogramas__NUM" true true false 8 Double 0 0,First,#,SP_Biomassa_Bioetanol_Biogas_MapBiomas,Tambaqui__Quilogramas__NUM,-1,-1;Outros_peixes__Quilogramas__NUM "Outros_peixes__Quilogramas__NUM" true true false 8 Double 0 0,First,#,SP_Biomassa_Bioetanol_Biogas_MapBiomas,Outros_peixes__Quilogramas__NUM,-1,-1;Bubalino_N "Bubalino_N" true true false 8 Double 0 0,First,#,SP_Biomassa_Bioetanol_Biogas_MapBiomas,Bubalino_N,-1,-1;Caprino_N "Caprino_N" true true false 8 Double 0 0,First,#,SP_Biomassa_Bioetanol_Biogas_MapBiomas,Caprino_N,-1,-1;Codornas_N "Codornas_N" true true false 8 Double 0 0,First,#,SP_Biomassa_Bioetanol_Biogas_MapBiomas,Codornas_N,-1,-1;Tambaqui_N "Tambaqui_N" true true false 8 Double 0 0,First,#,SP_Biomassa_Bioetanol_Biogas_MapBiomas,Tambaqui_N,-1,-1;Peixes_N "Peixes_N" true true false 8 Double 0 0,First,#,SP_Biomassa_Bioetanol_Biogas_MapBiomas,Peixes_N,-1,-1;Area_Soja "Area_Soja" true true false 8 Double 0 0,First,#,SP_Biomassa_Bioetanol_Biogas_MapBiomas,Area_Soja,-1,-1;Area_Milho "Area_Milho" true true false 8 Double 0 0,First,#,SP_Biomassa_Bioetanol_Biogas_MapBiomas,Area_Milho,-1,-1;Bio_Cafe "Biogás Café (Nm³/ano)" true true false 8 Double 0 0,First,#,SP_Biomassa_Bioetanol_Biogas_MapBiomas,Bio_Cafe,-1,-1;Bio_Citros "Biogás Citros (Nm³/ano)" true true false 8 Double 0 0,First,#,SP_Biomassa_Bioetanol_Biogas_MapBiomas,Bio_Citros,-1,-1;Bio_Suinos "Biogás Suínos (Nm³/ano)" true true false 8 Double 0 0,First,#,SP_Biomassa_Bioetanol_Biogas_MapBiomas,Bio_Suinos,-1,-1;Bio_Aves "Biogás Aves (Nm³/ano)" true true false 8 Double 0 0,First,#,SP_Biomassa_Bioetanol_Biogas_MapBiomas,Bio_Aves,-1,-1;Bio_Peixes "Biogás Piscicultura (Nm³/ano)" true true false 8 Double 0 0,First,#,SP_Biomassa_Bioetanol_Biogas_MapBiomas,Bio_Peixes,-1,-1;Bio_Agric "Total Agrícola (Nm³/ano)" true true false 8 Double 0 0,First,#,SP_Biomassa_Bioetanol_Biogas_MapBiomas,Bio_Agric,-1,-1;Bio_Pecuar "Total Pecuária (Nm³/ano)" true true false 8 Double 0 0,First,#,SP_Biomassa_Bioetanol_Biogas_MapBiomas,Bio_Pecuar,-1,-1;Bio_Final "TOTAL FINAL (Nm³/ano)" true true false 8 Double 0 0,First,#,SP_Biomassa_Bioetanol_Biogas_MapBiomas,Bio_Final,-1,-1;Dourado_N "Dourado_N" true true false 8 Double 0 0,First,#,SP_Biomassa_Bioetanol_Biogas_MapBiomas,Dourado_N,-1,-1;Pacu_N "Pacu_N" true true false 8 Double 0 0,First,#,SP_Biomassa_Bioetanol_Biogas_MapBiomas,Pacu_N,-1,-1;Pintado_N "Pintado_N" true true false 8 Double 0 0,First,#,SP_Biomassa_Bioetanol_Biogas_MapBiomas,Pintado_N,-1,-1;Total_Peix "Total_Peix" true true false 8 Double 0 0,First,#,SP_Biomassa_Bioetanol_Biogas_MapBiomas,Total_Peix,-1,-1;Eucalipto_Ton "Produção Eucalipto (ton)" true true false 8 Double 0 0,First,#,SP_Biomassa_Bioetanol_Biogas_MapBiomas,Eucalipto_Ton,-1,-1;Pinus_Ton "Produção Pinus (ton)" true true false 8 Double 0 0,First,#,SP_Biomassa_Bioetanol_Biogas_MapBiomas,Pinus_Ton,-1,-1;Res_Silvic "Resíduos Silvicultura (ton)" true true false 8 Double 0 0,First,#,SP_Biomassa_Bioetanol_Biogas_MapBiomas,Res_Silvic,-1,-1;Bio_Silvic "Biogás Silvicultura (Nm³)" true true false 8 Double 0 0,First,#,SP_Biomassa_Bioetanol_Biogas_MapBiomas,Bio_Silvic,-1,-1;Eucalipto_m3 "Eucalipto Total (m³)" true true false 8 Double 0 0,First,#,SP_Biomassa_Bioetanol_Biogas_MapBiomas,Eucalipto_m3,-1,-1;Pinus_m3 "Pinus Total (m³)" true true false 8 Double 0 0,First,#,SP_Biomassa_Bioetanol_Biogas_MapBiomas,Pinus_m3,-1,-1;RSU_TON "RSU Orgânicos (ton/ano)" true true false 8 Double 0 0,First,#,SP_Biomassa_Bioetanol_Biogas_MapBiomas,RSU_TON,-1,-1;RPO_TON "RPO Podas (ton/ano)" true true false 8 Double 0 0,First,#,SP_Biomassa_Bioetanol_Biogas_MapBiomas,RPO_TON,-1,-1;RSU_CH4 "RSU Potencial CH4 (m³/ano)" true true false 8 Double 0 0,First,#,SP_Biomassa_Bioetanol_Biogas_MapBiomas,RSU_CH4,-1,-1;RPO_CH4 "RPO Potencial CH4 (m³/ano)" true true false 8 Double 0 0,First,#,SP_Biomassa_Bioetanol_Biogas_MapBiomas,RPO_CH4,-1,-1;TOTAL_CH4 "Total CH4 RSU+RPO (m³/ano)" true true false 8 Double 0 0,First,#,SP_Biomassa_Bioetanol_Biogas_MapBiomas,TOTAL_CH4,-1,-1;RSS_TON "RSS Outros (ton/ano)" true true false 8 Double 0 0,First,#,SP_Biomassa_Bioetanol_Biogas_MapBiomas,RSS_TON,-1,-1;RCC_TON "RCC Civil (ton/ano)" true true false 8 Double 0 0,First,#,SP_Biomassa_Bioetanol_Biogas_MapBiomas,RCC_TON,-1,-1;TOT_AGRO "Total Agropecuário (m³/ano)" true true false 8 Double 0 0,First,#,SP_Biomassa_Bioetanol_Biogas_MapBiomas,TOT_AGRO,-1,-1;TOT_URB "Total Urbano CH4 (m³/ano)" true true false 8 Double 0 0,First,#,SP_Biomassa_Bioetanol_Biogas_MapBiomas,TOT_URB,-1,-1;TOT_COMB "Total Combinado (m³/ano)" true true false 8 Double 0 0,First,#,SP_Biomassa_Bioetanol_Biogas_MapBiomas,TOT_COMB,-1,-1;RANK_AGRO "Ranking Agropecuário" true true false 2 Short 0 0,First,#,SP_Biomassa_Bioetanol_Biogas_MapBiomas,RANK_AGRO,-1,-1;RANK_URB "Ranking Urbano" true true false 2 Short 0 0,First,#,SP_Biomassa_Bioetanol_Biogas_MapBiomas,RANK_URB,-1,-1;RANK_COMB "Ranking Combinado" true true false 2 Short 0 0,First,#,SP_Biomassa_Bioetanol_Biogas_MapBiomas,RANK_COMB,-1,-1;CATEG_POT "Categoria Potencial" true true false 20 Text 0 0,First,#,SP_Biomassa_Bioetanol_Biogas_MapBiomas,CATEG_POT,0,19;DOMINANTE "Fonte Dominante" true true false 15 Text 0 0,First,#,SP_Biomassa_Bioetanol_Biogas_MapBiomas,DOMINANTE,0,14" #</Process></lineage></DataProperties><SyncDate>20250916</SyncDate><SyncTime>09432800</SyncTime><ModDate>20250916</ModDate><ModTime>09432800</ModTime></Esri><dataIdInfo><envirDesc Sync="TRUE">Microsoft Windows 10 Version 10.0 (Build 26100) ; Esri ArcGIS 13.5.2.57366</envirDesc><dataLang><languageCode value="por" Sync="TRUE"></languageCode><countryCode value="BRA" Sync="TRUE"></countryCode></dataLang><idCitation><resTitle Sync="TRUE">Shapefile_425_Biogas_Mapbiomas_SP</resTitle><presForm><PresFormCd value="005" Sync="TRUE"></PresFormCd></presForm></idCitation><spatRpType><SpatRepTypCd value="001" Sync="TRUE"></SpatRepTypCd></spatRpType></dataIdInfo><mdLang><languageCode value="por" Sync="TRUE"></languageCode><countryCode value="BRA" Sync="TRUE"></countryCode></mdLang><distInfo><distFormat><formatName Sync="TRUE">Shapefile</formatName></distFormat><distTranOps><transSize Sync="TRUE">0.000</transSize></distTranOps></distInfo><mdHrLv><ScopeCd value="005" Sync="TRUE"></ScopeCd></mdHrLv><mdHrLvName Sync="TRUE">dataset</mdHrLvName><refSysInfo><RefSystem><refSysID><identCode code="4674" Sync="TRUE"></identCode><idCodeSpace Sync="TRUE">EPSG</idCodeSpace><idVersion Sync="TRUE">6.11(9.2.0)</idVersion></refSysID></RefSystem></refSysInfo><spatRepInfo><VectSpatRep><geometObjs Name="Shapefile_425_Biogas_Mapbiomas_SP"><geoObjTyp><GeoObjTypCd value="004" Sync="TRUE"></GeoObjTypCd></geoObjTyp><geoObjCnt Sync="TRUE">0</geoObjCnt></geometObjs><topLvl><TopoLevCd value="001" Sync="TRUE"></TopoLevCd></topLvl></VectSpatRep></spatRepInfo><spdoinfo><ptvctinf><esriterm Name="Shapefile_425_Biogas_Mapbiomas_SP"><efeatyp Sync="TRUE">Simple</efeatyp><efeageom code="1" Sync="TRUE"></efeageom><esritopo Sync="TRUE">FALSE</esritopo><efeacnt Sync="TRUE">0</efeacnt><spindex Sync="TRUE">FALSE</spindex><linrefer Sync="TRUE">FALSE</linrefer></esriterm></ptvctinf></spdoinfo><eainfo><detailed Name="Shapefile_425_Biogas_Mapbiomas_SP"><enttyp><enttypl Sync="TRUE">Shapefile_425_Biogas_Mapbiomas_SP</enttypl><enttypt Sync="TRUE">Feature Class</enttypt><enttypc Sync="TRUE">0</enttypc></enttyp><attr><attrlabl Sync="TRUE">FID</attrlabl><attalias Sync="TRUE">FID</attalias><attrtype Sync="TRUE">OID</attrtype><attwidth Sync="TRUE">4</attwidth><atprecis Sync="TRUE">0</atprecis><attscale Sync="TRUE">0</attscale><attrdef Sync="TRUE">Internal feature number.</attrdef><attrdefs Sync="TRUE">Esri</attrdefs><attrdomv><udom Sync="TRUE">Sequential unique whole numbers that are automatically generated.</udom></attrdomv></attr><attr><attrlabl Sync="TRUE">Shape</attrlabl><attalias Sync="TRUE">Shape</attalias><attrtype Sync="TRUE">Geometry</attrtype><attwidth Sync="TRUE">0</attwidth><atprecis Sync="TRUE">0</atprecis><attscale Sync="TRUE">0</attscale><attrdef Sync="TRUE">Feature geometry.</attrdef><attrdefs Sync="TRUE">Esri</attrdefs><attrdomv><udom Sync="TRUE">Coordinates defining the features.</udom></attrdomv></attr><attr><attrlabl Sync="TRUE">FID_SP_Bas</attrlabl><attalias Sync="TRUE">FID_SP_Bas</attalias><attrtype Sync="TRUE">Integer</attrtype><attwidth Sync="TRUE">10</attwidth><atprecis Sync="TRUE">10</atprecis><attscale Sync="TRUE">0</attscale></attr><attr><attrlabl Sync="TRUE">Estado</attrlabl><attalias Sync="TRUE">Estado</attalias><attrtype Sync="TRUE">String</attrtype><attwidth Sync="TRUE">254</attwidth><atprecis Sync="TRUE">0</atprecis><attscale Sync="TRUE">0</attscale></attr><attr><attrlabl Sync="TRUE">Municipio</attrlabl><attalias Sync="TRUE">Municipio</attalias><attrtype Sync="TRUE">String</attrtype><attwidth Sync="TRUE">254</attwidth><atprecis Sync="TRUE">0</atprecis><attscale Sync="TRUE">0</attscale></attr><attr><attrlabl Sync="TRUE">Categoria</attrlabl><attalias Sync="TRUE">Categoria</attalias><attrtype Sync="TRUE">String</attrtype><attwidth Sync="TRUE">254</attwidth><atprecis Sync="TRUE">0</atprecis><attscale Sync="TRUE">0</attscale></attr><attr><attrlabl Sync="TRUE">Principal_</attrlabl><attalias Sync="TRUE">Principal_</attalias><attrtype Sync="TRUE">String</attrtype><attwidth Sync="TRUE">254</attwidth><atprecis Sync="TRUE">0</atprecis><attscale Sync="TRUE">0</attscale></attr><attr><attrlabl Sync="TRUE">Energia_te</attrlabl><attalias Sync="TRUE">Energia_te</attalias><attrtype Sync="TRUE">String</attrtype><attwidth Sync="TRUE">254</attwidth><atprecis Sync="TRUE">0</atprecis><attscale Sync="TRUE">0</attscale></attr><attr><attrlabl Sync="TRUE">Energia_el</attrlabl><attalias Sync="TRUE">Energia_el</attalias><attrtype Sync="TRUE">String</attrtype><attwidth Sync="TRUE">254</attwidth><atprecis Sync="TRUE">0</atprecis><attscale Sync="TRUE">0</attscale></attr><attr><attrlabl Sync="TRUE">Energia_me</attrlabl><attalias Sync="TRUE">Energia_me</attalias><attrtype Sync="TRUE">String</attrtype><attwidth Sync="TRUE">254</attwidth><atprecis Sync="TRUE">0</atprecis><attscale Sync="TRUE">0</attscale></attr><attr><attrlabl Sync="TRUE">GNR_Biomet</attrlabl><attalias Sync="TRUE">GNR_Biomet</attalias><attrtype Sync="TRUE">String</attrtype><attwidth Sync="TRUE">254</attwidth><atprecis Sync="TRUE">0</atprecis><attscale Sync="TRUE">0</attscale></attr><attr><attrlabl Sync="TRUE">Inicio_ope</attrlabl><attalias Sync="TRUE">Inicio_ope</attalias><attrtype Sync="TRUE">Date</attrtype><attwidth Sync="TRUE">8</attwidth><atprecis Sync="TRUE">0</atprecis><attscale Sync="TRUE">0</attscale></attr><attr><attrlabl Sync="TRUE">Situacao</attrlabl><attalias Sync="TRUE">Situacao</attalias><attrtype Sync="TRUE">String</attrtype><attwidth Sync="TRUE">254</attwidth><atprecis Sync="TRUE">0</atprecis><attscale Sync="TRUE">0</attscale></attr><attr><attrlabl Sync="TRUE">Latitude</attrlabl><attalias Sync="TRUE">Latitude</attalias><attrtype Sync="TRUE">Double</attrtype><attwidth Sync="TRUE">19</attwidth><atprecis Sync="TRUE">0</atprecis><attscale Sync="TRUE">0</attscale></attr><attr><attrlabl Sync="TRUE">Longitude</attrlabl><attalias Sync="TRUE">Longitude</attalias><attrtype Sync="TRUE">Double</attrtype><attwidth Sync="TRUE">19</attwidth><atprecis Sync="TRUE">0</atprecis><attscale Sync="TRUE">0</attscale></attr><attr><attrlabl Sync="TRUE">Producao_b</attrlabl><attalias Sync="TRUE">Producao_b</attalias><attrtype Sync="TRUE">Double</attrtype><attwidth Sync="TRUE">19</attwidth><atprecis Sync="TRUE">0</atprecis><attscale Sync="TRUE">0</attscale></attr><attr><attrlabl Sync="TRUE">Escala_pro</attrlabl><attalias Sync="TRUE">Escala_pro</attalias><attrtype Sync="TRUE">String</attrtype><attwidth Sync="TRUE">254</attwidth><atprecis Sync="TRUE">0</atprecis><attscale Sync="TRUE">0</attscale></attr><attr><attrlabl Sync="TRUE">id</attrlabl><attalias Sync="TRUE">id</attalias><attrtype Sync="TRUE">Integer</attrtype><attwidth Sync="TRUE">10</attwidth><atprecis Sync="TRUE">10</atprecis><attscale Sync="TRUE">0</attscale></attr><attr><attrlabl Sync="TRUE">categori_1</attrlabl><attalias Sync="TRUE">categori_1</attalias><attrtype Sync="TRUE">Integer</attrtype><attwidth Sync="TRUE">10</attwidth><atprecis Sync="TRUE">10</atprecis><attscale Sync="TRUE">0</attscale></attr><attr><attrlabl Sync="TRUE">parent_id</attrlabl><attalias Sync="TRUE">parent_id</attalias><attrtype Sync="TRUE">Integer</attrtype><attwidth Sync="TRUE">10</attwidth><atprecis Sync="TRUE">10</atprecis><attscale Sync="TRUE">0</attscale></attr><attr><attrlabl Sync="TRUE">name</attrlabl><attalias Sync="TRUE">name</attalias><attrtype Sync="TRUE">String</attrtype><attwidth Sync="TRUE">254</attwidth><atprecis Sync="TRUE">0</atprecis><attscale Sync="TRUE">0</attscale></attr><attr><attrlabl Sync="TRUE">Label</attrlabl><attalias Sync="TRUE">Label</attalias><attrtype Sync="TRUE">Integer</attrtype><attwidth Sync="TRUE">10</attwidth><atprecis Sync="TRUE">10</atprecis><attscale Sync="TRUE">0</attscale></attr><attr><attrlabl Sync="TRUE">TIPO_BIOEN</attrlabl><attalias Sync="TRUE">TIPO_BIOEN</attalias><attrtype Sync="TRUE">String</attrtype><attwidth Sync="TRUE">30</attwidth><atprecis Sync="TRUE">0</atprecis><attscale Sync="TRUE">0</attscale></attr><attr><attrlabl Sync="TRUE">FID_Munici</attrlabl><attalias Sync="TRUE">FID_Munici</attalias><attrtype Sync="TRUE">Integer</attrtype><attwidth Sync="TRUE">10</attwidth><atprecis Sync="TRUE">10</atprecis><attscale Sync="TRUE">0</attscale></attr><attr><attrlabl Sync="TRUE">CD_MUN</attrlabl><attalias Sync="TRUE">CD_MUN</attalias><attrtype Sync="TRUE">String</attrtype><attwidth Sync="TRUE">7</attwidth><atprecis Sync="TRUE">0</atprecis><attscale Sync="TRUE">0</attscale></attr><attr><attrlabl Sync="TRUE">NM_MUN</attrlabl><attalias Sync="TRUE">NM_MUN</attalias><attrtype Sync="TRUE">String</attrtype><attwidth Sync="TRUE">100</attwidth><atprecis Sync="TRUE">0</atprecis><attscale Sync="TRUE">0</attscale></attr><attr><attrlabl Sync="TRUE">CD_RGI</attrlabl><attalias Sync="TRUE">CD_RGI</attalias><attrtype Sync="TRUE">String</attrtype><attwidth Sync="TRUE">6</attwidth><atprecis Sync="TRUE">0</atprecis><attscale Sync="TRUE">0</attscale></attr><attr><attrlabl Sync="TRUE">NM_RGI</attrlabl><attalias Sync="TRUE">NM_RGI</attalias><attrtype Sync="TRUE">String</attrtype><attwidth Sync="TRUE">100</attwidth><atprecis Sync="TRUE">0</atprecis><attscale Sync="TRUE">0</attscale></attr><attr><attrlabl Sync="TRUE">CD_RGINT</attrlabl><attalias Sync="TRUE">CD_RGINT</attalias><attrtype Sync="TRUE">String</attrtype><attwidth Sync="TRUE">4</attwidth><atprecis Sync="TRUE">0</atprecis><attscale Sync="TRUE">0</attscale></attr><attr><attrlabl Sync="TRUE">NM_RGINT</attrlabl><attalias Sync="TRUE">NM_RGINT</attalias><attrtype Sync="TRUE">String</attrtype><attwidth Sync="TRUE">100</attwidth><atprecis Sync="TRUE">0</atprecis><attscale Sync="TRUE">0</attscale></attr><attr><attrlabl Sync="TRUE">CD_UF</attrlabl><attalias Sync="TRUE">CD_UF</attalias><attrtype Sync="TRUE">String</attrtype><attwidth Sync="TRUE">2</attwidth><atprecis Sync="TRUE">0</atprecis><attscale Sync="TRUE">0</attscale></attr><attr><attrlabl Sync="TRUE">NM_UF</attrlabl><attalias Sync="TRUE">NM_UF</attalias><attrtype Sync="TRUE">String</attrtype><attwidth Sync="TRUE">50</attwidth><atprecis Sync="TRUE">0</atprecis><attscale Sync="TRUE">0</attscale></attr><attr><attrlabl Sync="TRUE">SIGLA_UF</attrlabl><attalias Sync="TRUE">SIGLA_UF</attalias><attrtype Sync="TRUE">String</attrtype><attwidth Sync="TRUE">2</attwidth><atprecis Sync="TRUE">0</atprecis><attscale Sync="TRUE">0</attscale></attr><attr><attrlabl Sync="TRUE">CD_REGIA</attrlabl><attalias Sync="TRUE">CD_REGIA</attalias><attrtype Sync="TRUE">String</attrtype><attwidth Sync="TRUE">1</attwidth><atprecis Sync="TRUE">0</atprecis><attscale Sync="TRUE">0</attscale></attr><attr><attrlabl Sync="TRUE">NM_REGIA</attrlabl><attalias Sync="TRUE">NM_REGIA</attalias><attrtype Sync="TRUE">String</attrtype><attwidth Sync="TRUE">20</attwidth><atprecis Sync="TRUE">0</atprecis><attscale Sync="TRUE">0</attscale></attr><attr><attrlabl Sync="TRUE">SIGLA_RG</attrlabl><attalias Sync="TRUE">SIGLA_RG</attalias><attrtype Sync="TRUE">String</attrtype><attwidth Sync="TRUE">2</attwidth><atprecis Sync="TRUE">0</atprecis><attscale Sync="TRUE">0</attscale></attr><attr><attrlabl Sync="TRUE">CD_CONCU</attrlabl><attalias Sync="TRUE">CD_CONCU</attalias><attrtype Sync="TRUE">String</attrtype><attwidth Sync="TRUE">7</attwidth><atprecis Sync="TRUE">0</atprecis><attscale Sync="TRUE">0</attscale></attr><attr><attrlabl Sync="TRUE">NM_CONCU</attrlabl><attalias Sync="TRUE">NM_CONCU</attalias><attrtype Sync="TRUE">String</attrtype><attwidth Sync="TRUE">100</attwidth><atprecis Sync="TRUE">0</atprecis><attscale Sync="TRUE">0</attscale></attr><attr><attrlabl Sync="TRUE">AREA_KM2</attrlabl><attalias Sync="TRUE">AREA_KM2</attalias><attrtype Sync="TRUE">Double</attrtype><attwidth Sync="TRUE">19</attwidth><atprecis Sync="TRUE">0</atprecis><attscale Sync="TRUE">0</attscale></attr><attr><attrlabl Sync="TRUE">FID_</attrlabl><attalias Sync="TRUE">FID_</attalias><attrtype Sync="TRUE">Double</attrtype><attwidth Sync="TRUE">19</attwidth><atprecis Sync="TRUE">0</atprecis><attscale Sync="TRUE">0</attscale></attr><attr><attrlabl Sync="TRUE">CD_MUN_1</attrlabl><attalias Sync="TRUE">CD_MUN_1</attalias><attrtype Sync="TRUE">Double</attrtype><attwidth Sync="TRUE">19</attwidth><atprecis Sync="TRUE">0</atprecis><attscale Sync="TRUE">0</attscale></attr><attr><attrlabl Sync="TRUE">NM_MUN_1</attrlabl><attalias Sync="TRUE">NM_MUN_1</attalias><attrtype Sync="TRUE">String</attrtype><attwidth Sync="TRUE">254</attwidth><atprecis Sync="TRUE">0</atprecis><attscale Sync="TRUE">0</attscale></attr><attr><attrlabl Sync="TRUE">CULTURA_DO</attrlabl><attalias Sync="TRUE">CULTURA_DO</attalias><attrtype Sync="TRUE">String</attrtype><attwidth Sync="TRUE">254</attwidth><atprecis Sync="TRUE">0</atprecis><attscale Sync="TRUE">0</attscale></attr><attr><attrlabl Sync="TRUE">NM_MUN_12</attrlabl><attalias Sync="TRUE">NM_MUN_12</attalias><attrtype Sync="TRUE">String</attrtype><attwidth Sync="TRUE">254</attwidth><atprecis Sync="TRUE">0</atprecis><attscale Sync="TRUE">0</attscale></attr><attr><attrlabl Sync="TRUE">Município</attrlabl><attalias Sync="TRUE">Município</attalias><attrtype Sync="TRUE">String</attrtype><attwidth Sync="TRUE">254</attwidth><atprecis Sync="TRUE">0</atprecis><attscale Sync="TRUE">0</attscale></attr><attr><attrlabl Sync="TRUE">Algodão_h</attrlabl><attalias Sync="TRUE">Algodão_h</attalias><attrtype Sync="TRUE">String</attrtype><attwidth Sync="TRUE">254</attwidth><atprecis Sync="TRUE">0</atprecis><attscale Sync="TRUE">0</attscale></attr><attr><attrlabl Sync="TRUE">Arroz__em_</attrlabl><attalias Sync="TRUE">Arroz__em_</attalias><attrtype Sync="TRUE">Double</attrtype><attwidth Sync="TRUE">19</attwidth><atprecis Sync="TRUE">0</atprecis><attscale Sync="TRUE">0</attscale></attr><attr><attrlabl Sync="TRUE">Café__em_</attrlabl><attalias Sync="TRUE">Café__em_</attalias><attrtype Sync="TRUE">Double</attrtype><attwidth Sync="TRUE">19</attwidth><atprecis Sync="TRUE">0</atprecis><attscale Sync="TRUE">0</attscale></attr><attr><attrlabl Sync="TRUE">Canadeaç</attrlabl><attalias Sync="TRUE">Canadeaç</attalias><attrtype Sync="TRUE">Double</attrtype><attwidth Sync="TRUE">19</attwidth><atprecis Sync="TRUE">0</atprecis><attscale Sync="TRUE">0</attscale></attr><attr><attrlabl Sync="TRUE">Laranja</attrlabl><attalias Sync="TRUE">Laranja</attalias><attrtype Sync="TRUE">Double</attrtype><attwidth Sync="TRUE">19</attwidth><atprecis Sync="TRUE">0</atprecis><attscale Sync="TRUE">0</attscale></attr><attr><attrlabl Sync="TRUE">Limão</attrlabl><attalias Sync="TRUE">Limão</attalias><attrtype Sync="TRUE">Double</attrtype><attwidth Sync="TRUE">19</attwidth><atprecis Sync="TRUE">0</atprecis><attscale Sync="TRUE">0</attscale></attr><attr><attrlabl Sync="TRUE">Milho__em_</attrlabl><attalias Sync="TRUE">Milho__em_</attalias><attrtype Sync="TRUE">Double</attrtype><attwidth Sync="TRUE">19</attwidth><atprecis Sync="TRUE">0</atprecis><attscale Sync="TRUE">0</attscale></attr><attr><attrlabl Sync="TRUE">Soja__em_g</attrlabl><attalias Sync="TRUE">Soja__em_g</attalias><attrtype Sync="TRUE">Double</attrtype><attwidth Sync="TRUE">19</attwidth><atprecis Sync="TRUE">0</atprecis><attscale Sync="TRUE">0</attscale></attr><attr><attrlabl Sync="TRUE">Sorgo__em_</attrlabl><attalias Sync="TRUE">Sorgo__em_</attalias><attrtype Sync="TRUE">Double</attrtype><attwidth Sync="TRUE">19</attwidth><atprecis Sync="TRUE">0</atprecis><attscale Sync="TRUE">0</attscale></attr><attr><attrlabl Sync="TRUE">Total_2018</attrlabl><attalias Sync="TRUE">Total_2018</attalias><attrtype Sync="TRUE">Double</attrtype><attwidth Sync="TRUE">19</attwidth><atprecis Sync="TRUE">0</atprecis><attscale Sync="TRUE">0</attscale></attr><attr><attrlabl Sync="TRUE">Total_2019</attrlabl><attalias Sync="TRUE">Total_2019</attalias><attrtype Sync="TRUE">Double</attrtype><attwidth Sync="TRUE">19</attwidth><atprecis Sync="TRUE">0</atprecis><attscale Sync="TRUE">0</attscale></attr><attr><attrlabl Sync="TRUE">Total_2020</attrlabl><attalias Sync="TRUE">Total_2020</attalias><attrtype Sync="TRUE">Double</attrtype><attwidth Sync="TRUE">19</attwidth><atprecis Sync="TRUE">0</atprecis><attscale Sync="TRUE">0</attscale></attr><attr><attrlabl Sync="TRUE">Total_2021</attrlabl><attalias Sync="TRUE">Total_2021</attalias><attrtype Sync="TRUE">Double</attrtype><attwidth Sync="TRUE">19</attwidth><atprecis Sync="TRUE">0</atprecis><attscale Sync="TRUE">0</attscale></attr><attr><attrlabl Sync="TRUE">Total_2022</attrlabl><attalias Sync="TRUE">Total_2022</attalias><attrtype Sync="TRUE">Double</attrtype><attwidth Sync="TRUE">19</attwidth><atprecis Sync="TRUE">0</atprecis><attscale Sync="TRUE">0</attscale></attr><attr><attrlabl Sync="TRUE">Total_2023</attrlabl><attalias Sync="TRUE">Total_2023</attalias><attrtype Sync="TRUE">Double</attrtype><attwidth Sync="TRUE">19</attwidth><atprecis Sync="TRUE">0</atprecis><attscale Sync="TRUE">0</attscale></attr><attr><attrlabl Sync="TRUE">Res_Cana</attrlabl><attalias Sync="TRUE">Res_Cana</attalias><attrtype Sync="TRUE">Double</attrtype><attwidth Sync="TRUE">19</attwidth><atprecis Sync="TRUE">0</atprecis><attscale Sync="TRUE">0</attscale></attr><attr><attrlabl Sync="TRUE">Res_Soja</attrlabl><attalias Sync="TRUE">Res_Soja</attalias><attrtype Sync="TRUE">Double</attrtype><attwidth Sync="TRUE">19</attwidth><atprecis Sync="TRUE">0</atprecis><attscale Sync="TRUE">0</attscale></attr><attr><attrlabl Sync="TRUE">Res_Milho</attrlabl><attalias Sync="TRUE">Res_Milho</attalias><attrtype Sync="TRUE">Double</attrtype><attwidth Sync="TRUE">19</attwidth><atprecis Sync="TRUE">0</atprecis><attscale Sync="TRUE">0</attscale></attr><attr><attrlabl Sync="TRUE">Res_Bovino</attrlabl><attalias Sync="TRUE">Res_Bovino</attalias><attrtype Sync="TRUE">Double</attrtype><attwidth Sync="TRUE">19</attwidth><atprecis Sync="TRUE">0</atprecis><attscale Sync="TRUE">0</attscale></attr><attr><attrlabl Sync="TRUE">Bio_Cana</attrlabl><attalias Sync="TRUE">Bio_Cana</attalias><attrtype Sync="TRUE">Double</attrtype><attwidth Sync="TRUE">19</attwidth><atprecis Sync="TRUE">0</atprecis><attscale Sync="TRUE">0</attscale></attr><attr><attrlabl Sync="TRUE">Bio_Soja</attrlabl><attalias Sync="TRUE">Bio_Soja</attalias><attrtype Sync="TRUE">Double</attrtype><attwidth Sync="TRUE">19</attwidth><atprecis Sync="TRUE">0</atprecis><attscale Sync="TRUE">0</attscale></attr><attr><attrlabl Sync="TRUE">Bio_Milho</attrlabl><attalias Sync="TRUE">Bio_Milho</attalias><attrtype Sync="TRUE">Double</attrtype><attwidth Sync="TRUE">19</attwidth><atprecis Sync="TRUE">0</atprecis><attscale Sync="TRUE">0</attscale></attr><attr><attrlabl Sync="TRUE">Bio_Bovino</attrlabl><attalias Sync="TRUE">Bio_Bovino</attalias><attrtype Sync="TRUE">Double</attrtype><attwidth Sync="TRUE">19</attwidth><atprecis Sync="TRUE">0</atprecis><attscale Sync="TRUE">0</attscale></attr><attr><attrlabl Sync="TRUE">Bio_Total</attrlabl><attalias Sync="TRUE">Bio_Total</attalias><attrtype Sync="TRUE">Double</attrtype><attwidth Sync="TRUE">19</attwidth><atprecis Sync="TRUE">0</atprecis><attscale Sync="TRUE">0</attscale></attr><attr><attrlabl Sync="TRUE">ID_1</attrlabl><attalias Sync="TRUE">ID_1</attalias><attrtype Sync="TRUE">String</attrtype><attwidth Sync="TRUE">254</attwidth><atprecis Sync="TRUE">0</atprecis><attscale Sync="TRUE">0</attscale></attr><attr><attrlabl Sync="TRUE">CD_MUN_12</attrlabl><attalias Sync="TRUE">CD_MUN_12</attalias><attrtype Sync="TRUE">String</attrtype><attwidth Sync="TRUE">254</attwidth><atprecis Sync="TRUE">0</atprecis><attscale Sync="TRUE">0</attscale></attr><attr><attrlabl Sync="TRUE">Total</attrlabl><attalias Sync="TRUE">Total</attalias><attrtype Sync="TRUE">String</attrtype><attwidth Sync="TRUE">254</attwidth><atprecis Sync="TRUE">0</atprecis><attscale Sync="TRUE">0</attscale></attr><attr><attrlabl Sync="TRUE">NM_MUN_12_</attrlabl><attalias Sync="TRUE">NM_MUN_12_</attalias><attrtype Sync="TRUE">String</attrtype><attwidth Sync="TRUE">254</attwidth><atprecis Sync="TRUE">0</atprecis><attscale Sync="TRUE">0</attscale></attr><attr><attrlabl Sync="TRUE">OBJECTID_1</attrlabl><attalias Sync="TRUE">OBJECTID_1</attalias><attrtype Sync="TRUE">Integer</attrtype><attwidth Sync="TRUE">10</attwidth><atprecis Sync="TRUE">10</atprecis><attscale Sync="TRUE">0</attscale></attr><attr><attrlabl Sync="TRUE">Carpa__Qui</attrlabl><attalias Sync="TRUE">Carpa__Qui</attalias><attrtype Sync="TRUE">String</attrtype><attwidth Sync="TRUE">254</attwidth><atprecis Sync="TRUE">0</atprecis><attscale Sync="TRUE">0</attscale></attr><attr><attrlabl Sync="TRUE">Curimatã_</attrlabl><attalias Sync="TRUE">Curimatã_</attalias><attrtype Sync="TRUE">String</attrtype><attwidth Sync="TRUE">254</attwidth><atprecis Sync="TRUE">0</atprecis><attscale Sync="TRUE">0</attscale></attr><attr><attrlabl Sync="TRUE">Dourado__Q</attrlabl><attalias Sync="TRUE">Dourado__Q</attalias><attrtype Sync="TRUE">String</attrtype><attwidth Sync="TRUE">254</attwidth><atprecis Sync="TRUE">0</atprecis><attscale Sync="TRUE">0</attscale></attr><attr><attrlabl Sync="TRUE">Jatuarana_</attrlabl><attalias Sync="TRUE">Jatuarana_</attalias><attrtype Sync="TRUE">String</attrtype><attwidth Sync="TRUE">254</attwidth><atprecis Sync="TRUE">0</atprecis><attscale Sync="TRUE">0</attscale></attr><attr><attrlabl Sync="TRUE">Lambari__Q</attrlabl><attalias Sync="TRUE">Lambari__Q</attalias><attrtype Sync="TRUE">String</attrtype><attwidth Sync="TRUE">254</attwidth><atprecis Sync="TRUE">0</atprecis><attscale Sync="TRUE">0</attscale></attr><attr><attrlabl Sync="TRUE">Matrinxã_</attrlabl><attalias Sync="TRUE">Matrinxã_</attalias><attrtype Sync="TRUE">String</attrtype><attwidth Sync="TRUE">254</attwidth><atprecis Sync="TRUE">0</atprecis><attscale Sync="TRUE">0</attscale></attr><attr><attrlabl Sync="TRUE">Pacu_e_pat</attrlabl><attalias Sync="TRUE">Pacu_e_pat</attalias><attrtype Sync="TRUE">String</attrtype><attwidth Sync="TRUE">254</attwidth><atprecis Sync="TRUE">0</atprecis><attscale Sync="TRUE">0</attscale></attr><attr><attrlabl Sync="TRUE">Piau__piap</attrlabl><attalias Sync="TRUE">Piau__piap</attalias><attrtype Sync="TRUE">String</attrtype><attwidth Sync="TRUE">254</attwidth><atprecis Sync="TRUE">0</atprecis><attscale Sync="TRUE">0</attscale></attr><attr><attrlabl Sync="TRUE">Pintado__c</attrlabl><attalias Sync="TRUE">Pintado__c</attalias><attrtype Sync="TRUE">String</attrtype><attwidth Sync="TRUE">254</attwidth><atprecis Sync="TRUE">0</atprecis><attscale Sync="TRUE">0</attscale></attr><attr><attrlabl Sync="TRUE">Pirapiting</attrlabl><attalias Sync="TRUE">Pirapiting</attalias><attrtype Sync="TRUE">String</attrtype><attwidth Sync="TRUE">254</attwidth><atprecis Sync="TRUE">0</atprecis><attscale Sync="TRUE">0</attscale></attr><attr><attrlabl Sync="TRUE">Pirarucu__</attrlabl><attalias Sync="TRUE">Pirarucu__</attalias><attrtype Sync="TRUE">String</attrtype><attwidth Sync="TRUE">254</attwidth><atprecis Sync="TRUE">0</atprecis><attscale Sync="TRUE">0</attscale></attr><attr><attrlabl Sync="TRUE">Tambacu__t</attrlabl><attalias Sync="TRUE">Tambacu__t</attalias><attrtype Sync="TRUE">String</attrtype><attwidth Sync="TRUE">254</attwidth><atprecis Sync="TRUE">0</atprecis><attscale Sync="TRUE">0</attscale></attr><attr><attrlabl Sync="TRUE">Tambaqui__</attrlabl><attalias Sync="TRUE">Tambaqui__</attalias><attrtype Sync="TRUE">String</attrtype><attwidth Sync="TRUE">254</attwidth><atprecis Sync="TRUE">0</atprecis><attscale Sync="TRUE">0</attscale></attr><attr><attrlabl Sync="TRUE">Tilápia__</attrlabl><attalias Sync="TRUE">Tilápia__</attalias><attrtype Sync="TRUE">String</attrtype><attwidth Sync="TRUE">254</attwidth><atprecis Sync="TRUE">0</atprecis><attscale Sync="TRUE">0</attscale></attr><attr><attrlabl Sync="TRUE">Traíra_e_</attrlabl><attalias Sync="TRUE">Traíra_e_</attalias><attrtype Sync="TRUE">String</attrtype><attwidth Sync="TRUE">254</attwidth><atprecis Sync="TRUE">0</atprecis><attscale Sync="TRUE">0</attscale></attr><attr><attrlabl Sync="TRUE">Truta__Qui</attrlabl><attalias Sync="TRUE">Truta__Qui</attalias><attrtype Sync="TRUE">String</attrtype><attwidth Sync="TRUE">254</attwidth><atprecis Sync="TRUE">0</atprecis><attscale Sync="TRUE">0</attscale></attr><attr><attrlabl Sync="TRUE">Tucunaré_</attrlabl><attalias Sync="TRUE">Tucunaré_</attalias><attrtype Sync="TRUE">String</attrtype><attwidth Sync="TRUE">254</attwidth><atprecis Sync="TRUE">0</atprecis><attscale Sync="TRUE">0</attscale></attr><attr><attrlabl Sync="TRUE">Outros_pei</attrlabl><attalias Sync="TRUE">Outros_pei</attalias><attrtype Sync="TRUE">String</attrtype><attwidth Sync="TRUE">254</attwidth><atprecis Sync="TRUE">0</atprecis><attscale Sync="TRUE">0</attscale></attr><attr><attrlabl Sync="TRUE">Alevinos__</attrlabl><attalias Sync="TRUE">Alevinos__</attalias><attrtype Sync="TRUE">String</attrtype><attwidth Sync="TRUE">254</attwidth><atprecis Sync="TRUE">0</atprecis><attscale Sync="TRUE">0</attscale></attr><attr><attrlabl Sync="TRUE">Camarão__</attrlabl><attalias Sync="TRUE">Camarão__</attalias><attrtype Sync="TRUE">String</attrtype><attwidth Sync="TRUE">254</attwidth><atprecis Sync="TRUE">0</atprecis><attscale Sync="TRUE">0</attscale></attr><attr><attrlabl Sync="TRUE">Larvas_e_p</attrlabl><attalias Sync="TRUE">Larvas_e_p</attalias><attrtype Sync="TRUE">String</attrtype><attwidth Sync="TRUE">254</attwidth><atprecis Sync="TRUE">0</atprecis><attscale Sync="TRUE">0</attscale></attr><attr><attrlabl Sync="TRUE">Ostras__vi</attrlabl><attalias Sync="TRUE">Ostras__vi</attalias><attrtype Sync="TRUE">String</attrtype><attwidth Sync="TRUE">254</attwidth><atprecis Sync="TRUE">0</atprecis><attscale Sync="TRUE">0</attscale></attr><attr><attrlabl Sync="TRUE">Sementes_d</attrlabl><attalias Sync="TRUE">Sementes_d</attalias><attrtype Sync="TRUE">String</attrtype><attwidth Sync="TRUE">254</attwidth><atprecis Sync="TRUE">0</atprecis><attscale Sync="TRUE">0</attscale></attr><attr><attrlabl Sync="TRUE">Outros_pro</attrlabl><attalias Sync="TRUE">Outros_pro</attalias><attrtype Sync="TRUE">String</attrtype><attwidth Sync="TRUE">254</attwidth><atprecis Sync="TRUE">0</atprecis><attscale Sync="TRUE">0</attscale></attr><attr><attrlabl Sync="TRUE">OBJECTID_2</attrlabl><attalias Sync="TRUE">OBJECTID_2</attalias><attrtype Sync="TRUE">Integer</attrtype><attwidth Sync="TRUE">10</attwidth><atprecis Sync="TRUE">10</atprecis><attscale Sync="TRUE">0</attscale></attr><attr><attrlabl Sync="TRUE">ID_12</attrlabl><attalias Sync="TRUE">ID_12</attalias><attrtype Sync="TRUE">String</attrtype><attwidth Sync="TRUE">254</attwidth><atprecis Sync="TRUE">0</atprecis><attscale Sync="TRUE">0</attscale></attr><attr><attrlabl Sync="TRUE">CD_MUN_12_</attrlabl><attalias Sync="TRUE">CD_MUN_12_</attalias><attrtype Sync="TRUE">String</attrtype><attwidth Sync="TRUE">254</attwidth><atprecis Sync="TRUE">0</atprecis><attscale Sync="TRUE">0</attscale></attr><attr><attrlabl Sync="TRUE">NM_MUN_121</attrlabl><attalias Sync="TRUE">NM_MUN_121</attalias><attrtype Sync="TRUE">String</attrtype><attwidth Sync="TRUE">254</attwidth><atprecis Sync="TRUE">0</atprecis><attscale Sync="TRUE">0</attscale></attr><attr><attrlabl Sync="TRUE">Bovino</attrlabl><attalias Sync="TRUE">Bovino</attalias><attrtype Sync="TRUE">Double</attrtype><attwidth Sync="TRUE">19</attwidth><atprecis Sync="TRUE">0</atprecis><attscale Sync="TRUE">0</attscale></attr><attr><attrlabl Sync="TRUE">Bubalino</attrlabl><attalias Sync="TRUE">Bubalino</attalias><attrtype Sync="TRUE">String</attrtype><attwidth Sync="TRUE">254</attwidth><atprecis Sync="TRUE">0</atprecis><attscale Sync="TRUE">0</attscale></attr><attr><attrlabl Sync="TRUE">Equino</attrlabl><attalias Sync="TRUE">Equino</attalias><attrtype Sync="TRUE">Double</attrtype><attwidth Sync="TRUE">19</attwidth><atprecis Sync="TRUE">0</atprecis><attscale Sync="TRUE">0</attscale></attr><attr><attrlabl Sync="TRUE">Suíno___t</attrlabl><attalias Sync="TRUE">Suíno___t</attalias><attrtype Sync="TRUE">Double</attrtype><attwidth Sync="TRUE">19</attwidth><atprecis Sync="TRUE">0</atprecis><attscale Sync="TRUE">0</attscale></attr><attr><attrlabl Sync="TRUE">Suíno___m</attrlabl><attalias Sync="TRUE">Suíno___m</attalias><attrtype Sync="TRUE">Double</attrtype><attwidth Sync="TRUE">19</attwidth><atprecis Sync="TRUE">0</atprecis><attscale Sync="TRUE">0</attscale></attr><attr><attrlabl Sync="TRUE">Caprino</attrlabl><attalias Sync="TRUE">Caprino</attalias><attrtype Sync="TRUE">String</attrtype><attwidth Sync="TRUE">254</attwidth><atprecis Sync="TRUE">0</atprecis><attscale Sync="TRUE">0</attscale></attr><attr><attrlabl Sync="TRUE">Ovino</attrlabl><attalias Sync="TRUE">Ovino</attalias><attrtype Sync="TRUE">Double</attrtype><attwidth Sync="TRUE">19</attwidth><atprecis Sync="TRUE">0</atprecis><attscale Sync="TRUE">0</attscale></attr><attr><attrlabl Sync="TRUE">Galináceo</attrlabl><attalias Sync="TRUE">Galináceo</attalias><attrtype Sync="TRUE">Double</attrtype><attwidth Sync="TRUE">19</attwidth><atprecis Sync="TRUE">0</atprecis><attscale Sync="TRUE">0</attscale></attr><attr><attrlabl Sync="TRUE">Galinác_1</attrlabl><attalias Sync="TRUE">Galinác_1</attalias><attrtype Sync="TRUE">Double</attrtype><attwidth Sync="TRUE">19</attwidth><atprecis Sync="TRUE">0</atprecis><attscale Sync="TRUE">0</attscale></attr><attr><attrlabl Sync="TRUE">Codornas</attrlabl><attalias Sync="TRUE">Codornas</attalias><attrtype Sync="TRUE">String</attrtype><attwidth Sync="TRUE">254</attwidth><atprecis Sync="TRUE">0</atprecis><attscale Sync="TRUE">0</attscale></attr><attr><attrlabl Sync="TRUE">OBJECTID_3</attrlabl><attalias Sync="TRUE">OBJECTID_3</attalias><attrtype Sync="TRUE">Integer</attrtype><attwidth Sync="TRUE">10</attwidth><atprecis Sync="TRUE">10</atprecis><attscale Sync="TRUE">0</attscale></attr><attr><attrlabl Sync="TRUE">Bubalino_N</attrlabl><attalias Sync="TRUE">Bubalino_N</attalias><attrtype Sync="TRUE">Double</attrtype><attwidth Sync="TRUE">19</attwidth><atprecis Sync="TRUE">0</atprecis><attscale Sync="TRUE">0</attscale></attr><attr><attrlabl Sync="TRUE">Caprino_NU</attrlabl><attalias Sync="TRUE">Caprino_NU</attalias><attrtype Sync="TRUE">Double</attrtype><attwidth Sync="TRUE">19</attwidth><atprecis Sync="TRUE">0</atprecis><attscale Sync="TRUE">0</attscale></attr><attr><attrlabl Sync="TRUE">Caprino_N</attrlabl><attalias Sync="TRUE">Caprino_N</attalias><attrtype Sync="TRUE">Double</attrtype><attwidth Sync="TRUE">19</attwidth><atprecis Sync="TRUE">0</atprecis><attscale Sync="TRUE">0</attscale></attr><attr><attrlabl Sync="TRUE">Tambaqui_1</attrlabl><attalias Sync="TRUE">Tambaqui_1</attalias><attrtype Sync="TRUE">Double</attrtype><attwidth Sync="TRUE">19</attwidth><atprecis Sync="TRUE">0</atprecis><attscale Sync="TRUE">0</attscale></attr><attr><attrlabl Sync="TRUE">Outros_p_1</attrlabl><attalias Sync="TRUE">Outros_p_1</attalias><attrtype Sync="TRUE">Double</attrtype><attwidth Sync="TRUE">19</attwidth><atprecis Sync="TRUE">0</atprecis><attscale Sync="TRUE">0</attscale></attr><attr><attrlabl Sync="TRUE">Bubalino_1</attrlabl><attalias Sync="TRUE">Bubalino_1</attalias><attrtype Sync="TRUE">Double</attrtype><attwidth Sync="TRUE">19</attwidth><atprecis Sync="TRUE">0</atprecis><attscale Sync="TRUE">0</attscale></attr><attr><attrlabl Sync="TRUE">Codornas_N</attrlabl><attalias Sync="TRUE">Codornas_N</attalias><attrtype Sync="TRUE">Double</attrtype><attwidth Sync="TRUE">19</attwidth><atprecis Sync="TRUE">0</atprecis><attscale Sync="TRUE">0</attscale></attr><attr><attrlabl Sync="TRUE">Codornas_1</attrlabl><attalias Sync="TRUE">Codornas_1</attalias><attrtype Sync="TRUE">Double</attrtype><attwidth Sync="TRUE">19</attwidth><atprecis Sync="TRUE">0</atprecis><attscale Sync="TRUE">0</attscale></attr><attr><attrlabl Sync="TRUE">Tambaqui_N</attrlabl><attalias Sync="TRUE">Tambaqui_N</attalias><attrtype Sync="TRUE">Double</attrtype><attwidth Sync="TRUE">19</attwidth><atprecis Sync="TRUE">0</atprecis><attscale Sync="TRUE">0</attscale></attr><attr><attrlabl Sync="TRUE">Peixes_N</attrlabl><attalias Sync="TRUE">Peixes_N</attalias><attrtype Sync="TRUE">Double</attrtype><attwidth Sync="TRUE">19</attwidth><atprecis Sync="TRUE">0</atprecis><attscale Sync="TRUE">0</attscale></attr><attr><attrlabl Sync="TRUE">Area_Soja</attrlabl><attalias Sync="TRUE">Area_Soja</attalias><attrtype Sync="TRUE">Double</attrtype><attwidth Sync="TRUE">19</attwidth><atprecis Sync="TRUE">0</atprecis><attscale Sync="TRUE">0</attscale></attr><attr><attrlabl Sync="TRUE">Area_Milho</attrlabl><attalias Sync="TRUE">Area_Milho</attalias><attrtype Sync="TRUE">Double</attrtype><attwidth Sync="TRUE">19</attwidth><atprecis Sync="TRUE">0</atprecis><attscale Sync="TRUE">0</attscale></attr><attr><attrlabl Sync="TRUE">Bio_Cafe</attrlabl><attalias Sync="TRUE">Bio_Cafe</attalias><attrtype Sync="TRUE">Double</attrtype><attwidth Sync="TRUE">19</attwidth><atprecis Sync="TRUE">0</atprecis><attscale Sync="TRUE">0</attscale></attr><attr><attrlabl Sync="TRUE">Bio_Citros</attrlabl><attalias Sync="TRUE">Bio_Citros</attalias><attrtype Sync="TRUE">Double</attrtype><attwidth Sync="TRUE">19</attwidth><atprecis Sync="TRUE">0</atprecis><attscale Sync="TRUE">0</attscale></attr><attr><attrlabl Sync="TRUE">Bio_Suinos</attrlabl><attalias Sync="TRUE">Bio_Suinos</attalias><attrtype Sync="TRUE">Double</attrtype><attwidth Sync="TRUE">19</attwidth><atprecis Sync="TRUE">0</atprecis><attscale Sync="TRUE">0</attscale></attr><attr><attrlabl Sync="TRUE">Bio_Aves</attrlabl><attalias Sync="TRUE">Bio_Aves</attalias><attrtype Sync="TRUE">Double</attrtype><attwidth Sync="TRUE">19</attwidth><atprecis Sync="TRUE">0</atprecis><attscale Sync="TRUE">0</attscale></attr><attr><attrlabl Sync="TRUE">Bio_Peixes</attrlabl><attalias Sync="TRUE">Bio_Peixes</attalias><attrtype Sync="TRUE">Double</attrtype><attwidth Sync="TRUE">19</attwidth><atprecis Sync="TRUE">0</atprecis><attscale Sync="TRUE">0</attscale></attr><attr><attrlabl Sync="TRUE">Bio_Agric</attrlabl><attalias Sync="TRUE">Bio_Agric</attalias><attrtype Sync="TRUE">Double</attrtype><attwidth Sync="TRUE">19</attwidth><atprecis Sync="TRUE">0</atprecis><attscale Sync="TRUE">0</attscale></attr><attr><attrlabl Sync="TRUE">Bio_Pecuar</attrlabl><attalias Sync="TRUE">Bio_Pecuar</attalias><attrtype Sync="TRUE">Double</attrtype><attwidth Sync="TRUE">19</attwidth><atprecis Sync="TRUE">0</atprecis><attscale Sync="TRUE">0</attscale></attr><attr><attrlabl Sync="TRUE">Bio_Final</attrlabl><attalias Sync="TRUE">Bio_Final</attalias><attrtype Sync="TRUE">Double</attrtype><attwidth Sync="TRUE">19</attwidth><atprecis Sync="TRUE">0</atprecis><attscale Sync="TRUE">0</attscale></attr><attr><attrlabl Sync="TRUE">Dourado_N</attrlabl><attalias Sync="TRUE">Dourado_N</attalias><attrtype Sync="TRUE">Double</attrtype><attwidth Sync="TRUE">19</attwidth><atprecis Sync="TRUE">0</atprecis><attscale Sync="TRUE">0</attscale></attr><attr><attrlabl Sync="TRUE">Pacu_N</attrlabl><attalias Sync="TRUE">Pacu_N</attalias><attrtype Sync="TRUE">Double</attrtype><attwidth Sync="TRUE">19</attwidth><atprecis Sync="TRUE">0</atprecis><attscale Sync="TRUE">0</attscale></attr><attr><attrlabl Sync="TRUE">Pintado_N</attrlabl><attalias Sync="TRUE">Pintado_N</attalias><attrtype Sync="TRUE">Double</attrtype><attwidth Sync="TRUE">19</attwidth><atprecis Sync="TRUE">0</atprecis><attscale Sync="TRUE">0</attscale></attr><attr><attrlabl Sync="TRUE">Total_Peix</attrlabl><attalias Sync="TRUE">Total_Peix</attalias><attrtype Sync="TRUE">Double</attrtype><attwidth Sync="TRUE">19</attwidth><atprecis Sync="TRUE">0</atprecis><attscale Sync="TRUE">0</attscale></attr><attr><attrlabl Sync="TRUE">Eucalipto_</attrlabl><attalias Sync="TRUE">Eucalipto_</attalias><attrtype Sync="TRUE">Double</attrtype><attwidth Sync="TRUE">19</attwidth><atprecis Sync="TRUE">0</atprecis><attscale Sync="TRUE">0</attscale></attr><attr><attrlabl Sync="TRUE">Pinus_Ton</attrlabl><attalias Sync="TRUE">Pinus_Ton</attalias><attrtype Sync="TRUE">Double</attrtype><attwidth Sync="TRUE">19</attwidth><atprecis Sync="TRUE">0</atprecis><attscale Sync="TRUE">0</attscale></attr><attr><attrlabl Sync="TRUE">Res_Silvic</attrlabl><attalias Sync="TRUE">Res_Silvic</attalias><attrtype Sync="TRUE">Double</attrtype><attwidth Sync="TRUE">19</attwidth><atprecis Sync="TRUE">0</atprecis><attscale Sync="TRUE">0</attscale></attr><attr><attrlabl Sync="TRUE">Bio_Silvic</attrlabl><attalias Sync="TRUE">Bio_Silvic</attalias><attrtype Sync="TRUE">Double</attrtype><attwidth Sync="TRUE">19</attwidth><atprecis Sync="TRUE">0</atprecis><attscale Sync="TRUE">0</attscale></attr><attr><attrlabl Sync="TRUE">Eucalipto1</attrlabl><attalias Sync="TRUE">Eucalipto1</attalias><attrtype Sync="TRUE">Double</attrtype><attwidth Sync="TRUE">19</attwidth><atprecis Sync="TRUE">0</atprecis><attscale Sync="TRUE">0</attscale></attr><attr><attrlabl Sync="TRUE">Pinus_m3</attrlabl><attalias Sync="TRUE">Pinus_m3</attalias><attrtype Sync="TRUE">Double</attrtype><attwidth Sync="TRUE">19</attwidth><atprecis Sync="TRUE">0</atprecis><attscale Sync="TRUE">0</attscale></attr><attr><attrlabl Sync="TRUE">RSU_TON</attrlabl><attalias Sync="TRUE">RSU_TON</attalias><attrtype Sync="TRUE">Double</attrtype><attwidth Sync="TRUE">19</attwidth><atprecis Sync="TRUE">0</atprecis><attscale Sync="TRUE">0</attscale></attr><attr><attrlabl Sync="TRUE">RPO_TON</attrlabl><attalias Sync="TRUE">RPO_TON</attalias><attrtype Sync="TRUE">Double</attrtype><attwidth Sync="TRUE">19</attwidth><atprecis Sync="TRUE">0</atprecis><attscale Sync="TRUE">0</attscale></attr><attr><attrlabl Sync="TRUE">RSU_CH4</attrlabl><attalias Sync="TRUE">RSU_CH4</attalias><attrtype Sync="TRUE">Double</attrtype><attwidth Sync="TRUE">19</attwidth><atprecis Sync="TRUE">0</atprecis><attscale Sync="TRUE">0</attscale></attr><attr><attrlabl Sync="TRUE">RPO_CH4</attrlabl><attalias Sync="TRUE">RPO_CH4</attalias><attrtype Sync="TRUE">Double</attrtype><attwidth Sync="TRUE">19</attwidth><atprecis Sync="TRUE">0</atprecis><attscale Sync="TRUE">0</attscale></attr><attr><attrlabl Sync="TRUE">TOTAL_CH4</attrlabl><attalias Sync="TRUE">TOTAL_CH4</attalias><attrtype Sync="TRUE">Double</attrtype><attwidth Sync="TRUE">19</attwidth><atprecis Sync="TRUE">0</atprecis><attscale Sync="TRUE">0</attscale></attr><attr><attrlabl Sync="TRUE">RSS_TON</attrlabl><attalias Sync="TRUE">RSS_TON</attalias><attrtype Sync="TRUE">Double</attrtype><attwidth Sync="TRUE">19</attwidth><atprecis Sync="TRUE">0</atprecis><attscale Sync="TRUE">0</attscale></attr><attr><attrlabl Sync="TRUE">RCC_TON</attrlabl><attalias Sync="TRUE">RCC_TON</attalias><attrtype Sync="TRUE">Double</attrtype><attwidth Sync="TRUE">19</attwidth><atprecis Sync="TRUE">0</atprecis><attscale Sync="TRUE">0</attscale></attr><attr><attrlabl Sync="TRUE">TOT_AGRO</attrlabl><attalias Sync="TRUE">TOT_AGRO</attalias><attrtype Sync="TRUE">Double</attrtype><attwidth Sync="TRUE">19</attwidth><atprecis Sync="TRUE">0</atprecis><attscale Sync="TRUE">0</attscale></attr><attr><attrlabl Sync="TRUE">TOT_URB</attrlabl><attalias Sync="TRUE">TOT_URB</attalias><attrtype Sync="TRUE">Double</attrtype><attwidth Sync="TRUE">19</attwidth><atprecis Sync="TRUE">0</atprecis><attscale Sync="TRUE">0</attscale></attr><attr><attrlabl Sync="TRUE">TOT_COMB</attrlabl><attalias Sync="TRUE">TOT_COMB</attalias><attrtype Sync="TRUE">Double</attrtype><attwidth Sync="TRUE">19</attwidth><atprecis Sync="TRUE">0</atprecis><attscale Sync="TRUE">0</attscale></attr><attr><attrlabl Sync="TRUE">RANK_AGRO</attrlabl><attalias Sync="TRUE">RANK_AGRO</attalias><attrtype Sync="TRUE">Integer</attrtype><attwidth Sync="TRUE">5</attwidth><atprecis Sync="TRUE">5</atprecis><attscale Sync="TRUE">0</attscale></attr><attr><attrlabl Sync="TRUE">RANK_URB</attrlabl><attalias Sync="TRUE">RANK_URB</attalias><attrtype Sync="TRUE">Integer</attrtype><attwidth Sync="TRUE">5</attwidth><atprecis Sync="TRUE">5</atprecis><attscale Sync="TRUE">0</attscale></attr><attr><attrlabl Sync="TRUE">RANK_COMB</attrlabl><attalias Sync="TRUE">RANK_COMB</attalias><attrtype Sync="TRUE">Integer</attrtype><attwidth Sync="TRUE">5</attwidth><atprecis Sync="TRUE">5</atprecis><attscale Sync="TRUE">0</attscale></attr><attr><attrlabl Sync="TRUE">CATEG_POT</attrlabl><attalias Sync="TRUE">CATEG_POT</attalias><attrtype Sync="TRUE">String</attrtype><attwidth Sync="TRUE">20</attwidth><atprecis Sync="TRUE">0</atprecis><attscale Sync="TRUE">0</attscale></attr><attr><attrlabl Sync="TRUE">DOMINANTE</attrlabl><attalias Sync="TRUE">DOMINANTE</attalias><attrtype Sync="TRUE">String</attrtype><attwidth Sync="TRUE">15</attwidth><atprecis Sync="TRUE">0</atprecis><attscale Sync="TRUE">0</attscale></attr></detailed></eainfo><mdDateSt Sync="TRUE">20250916</mdDateSt></metadata>
